"Site","WS","gseason","WD","n"
"Barren","(9, Inf]","Summer","30",1
"Barren","(9, Inf]","Summer","60",23
"Barren","(9, Inf]","Summer","90",4
"Barren","(9, Inf]","Summer","180",1
"Barren","(9, Inf]","Summer","210",35
"Barren","(9, Inf]","Summer","240",280
"Barren","(9, Inf]","Summer","270",76
"Barren","(9, Inf]","Summer","300",12
"Barren","(9, Inf]","Summer","330",2
"Barren","(9, Inf]","Winter","30",1
"Barren","(9, Inf]","Winter","60",45
"Barren","(9, Inf]","Winter","90",5
"Barren","(9, Inf]","Winter","150",2
"Barren","(9, Inf]","Winter","210",87
"Barren","(9, Inf]","Winter","240",233
"Barren","(9, Inf]","Winter","270",23
"Barren","(9, Inf]","Winter","300",2
"Barren","(9, Inf]","Winter","330",2
"Barren","(6,9]","Summer","30",7
"Barren","(6,9]","Summer","60",26
"Barren","(6,9]","Summer","90",12
"Barren","(6,9]","Summer","150",4
"Barren","(6,9]","Summer","180",1
"Barren","(6,9]","Summer","210",56
"Barren","(6,9]","Summer","240",222
"Barren","(6,9]","Summer","270",101
"Barren","(6,9]","Summer","300",12
"Barren","(6,9]","Summer","330",3
"Barren","(6,9]","Winter","0",1
"Barren","(6,9]","Winter","30",4
"Barren","(6,9]","Winter","60",43
"Barren","(6,9]","Winter","90",8
"Barren","(6,9]","Winter","120",4
"Barren","(6,9]","Winter","180",1
"Barren","(6,9]","Winter","210",80
"Barren","(6,9]","Winter","240",111
"Barren","(6,9]","Winter","270",14
"Barren","(6,9]","Winter","300",1
"Barren","(3,6]","Summer","0",16
"Barren","(3,6]","Summer","30",40
"Barren","(3,6]","Summer","60",87
"Barren","(3,6]","Summer","90",92
"Barren","(3,6]","Summer","120",88
"Barren","(3,6]","Summer","150",62
"Barren","(3,6]","Summer","180",64
"Barren","(3,6]","Summer","210",306
"Barren","(3,6]","Summer","240",635
"Barren","(3,6]","Summer","270",202
"Barren","(3,6]","Summer","300",37
"Barren","(3,6]","Summer","330",12
"Barren","(3,6]","Winter","0",15
"Barren","(3,6]","Winter","30",64
"Barren","(3,6]","Winter","60",154
"Barren","(3,6]","Winter","90",41
"Barren","(3,6]","Winter","120",19
"Barren","(3,6]","Winter","150",40
"Barren","(3,6]","Winter","180",40
"Barren","(3,6]","Winter","210",207
"Barren","(3,6]","Winter","240",301
"Barren","(3,6]","Winter","270",47
"Barren","(3,6]","Winter","300",6
"Barren","(3,6]","Winter","330",6
"Barren","(-Inf,3]","Summer","0",60
"Barren","(-Inf,3]","Summer","30",177
"Barren","(-Inf,3]","Summer","60",143
"Barren","(-Inf,3]","Summer","90",86
"Barren","(-Inf,3]","Summer","120",106
"Barren","(-Inf,3]","Summer","150",158
"Barren","(-Inf,3]","Summer","180",129
"Barren","(-Inf,3]","Summer","210",490
"Barren","(-Inf,3]","Summer","240",926
"Barren","(-Inf,3]","Summer","270",401
"Barren","(-Inf,3]","Summer","300",46
"Barren","(-Inf,3]","Summer","330",54
"Barren","(-Inf,3]","Winter","0",172
"Barren","(-Inf,3]","Winter","30",433
"Barren","(-Inf,3]","Winter","60",633
"Barren","(-Inf,3]","Winter","90",234
"Barren","(-Inf,3]","Winter","120",146
"Barren","(-Inf,3]","Winter","150",115
"Barren","(-Inf,3]","Winter","180",157
"Barren","(-Inf,3]","Winter","210",371
"Barren","(-Inf,3]","Winter","240",729
"Barren","(-Inf,3]","Winter","270",344
"Barren","(-Inf,3]","Winter","300",86
"Barren","(-Inf,3]","Winter","330",61
"Blackhawk","(9, Inf]","Summer","0",26
"Blackhawk","(9, Inf]","Summer","30",42
"Blackhawk","(9, Inf]","Summer","60",686
"Blackhawk","(9, Inf]","Summer","90",565
"Blackhawk","(9, Inf]","Summer","120",96
"Blackhawk","(9, Inf]","Summer","150",33
"Blackhawk","(9, Inf]","Summer","180",22
"Blackhawk","(9, Inf]","Summer","210",2126
"Blackhawk","(9, Inf]","Summer","240",2117
"Blackhawk","(9, Inf]","Summer","270",93
"Blackhawk","(9, Inf]","Summer","300",23
"Blackhawk","(9, Inf]","Summer","330",12
"Blackhawk","(9, Inf]","Winter","0",23
"Blackhawk","(9, Inf]","Winter","30",36
"Blackhawk","(9, Inf]","Winter","60",786
"Blackhawk","(9, Inf]","Winter","90",387
"Blackhawk","(9, Inf]","Winter","120",29
"Blackhawk","(9, Inf]","Winter","150",22
"Blackhawk","(9, Inf]","Winter","180",28
"Blackhawk","(9, Inf]","Winter","210",2954
"Blackhawk","(9, Inf]","Winter","240",2621
"Blackhawk","(9, Inf]","Winter","270",37
"Blackhawk","(9, Inf]","Winter","300",18
"Blackhawk","(9, Inf]","Winter","330",25
"Blackhawk","(6,9]","Summer","0",65
"Blackhawk","(6,9]","Summer","30",108
"Blackhawk","(6,9]","Summer","60",581
"Blackhawk","(6,9]","Summer","90",345
"Blackhawk","(6,9]","Summer","120",128
"Blackhawk","(6,9]","Summer","150",73
"Blackhawk","(6,9]","Summer","180",106
"Blackhawk","(6,9]","Summer","210",1203
"Blackhawk","(6,9]","Summer","240",1245
"Blackhawk","(6,9]","Summer","270",244
"Blackhawk","(6,9]","Summer","300",151
"Blackhawk","(6,9]","Summer","330",74
"Blackhawk","(6,9]","Winter","0",116
"Blackhawk","(6,9]","Winter","30",131
"Blackhawk","(6,9]","Winter","60",359
"Blackhawk","(6,9]","Winter","90",167
"Blackhawk","(6,9]","Winter","120",116
"Blackhawk","(6,9]","Winter","150",39
"Blackhawk","(6,9]","Winter","180",95
"Blackhawk","(6,9]","Winter","210",1284
"Blackhawk","(6,9]","Winter","240",1494
"Blackhawk","(6,9]","Winter","270",207
"Blackhawk","(6,9]","Winter","300",139
"Blackhawk","(6,9]","Winter","330",119
"Blackhawk","(3,6]","Summer","0",238
"Blackhawk","(3,6]","Summer","30",302
"Blackhawk","(3,6]","Summer","60",621
"Blackhawk","(3,6]","Summer","90",475
"Blackhawk","(3,6]","Summer","120",142
"Blackhawk","(3,6]","Summer","150",87
"Blackhawk","(3,6]","Summer","180",157
"Blackhawk","(3,6]","Summer","210",1094
"Blackhawk","(3,6]","Summer","240",1315
"Blackhawk","(3,6]","Summer","270",413
"Blackhawk","(3,6]","Summer","300",225
"Blackhawk","(3,6]","Summer","330",205
"Blackhawk","(3,6]","Winter","0",346
"Blackhawk","(3,6]","Winter","30",311
"Blackhawk","(3,6]","Winter","60",452
"Blackhawk","(3,6]","Winter","90",241
"Blackhawk","(3,6]","Winter","120",101
"Blackhawk","(3,6]","Winter","150",72
"Blackhawk","(3,6]","Winter","180",228
"Blackhawk","(3,6]","Winter","210",1407
"Blackhawk","(3,6]","Winter","240",1754
"Blackhawk","(3,6]","Winter","270",455
"Blackhawk","(3,6]","Winter","300",280
"Blackhawk","(3,6]","Winter","330",289
"Blackhawk","(-Inf,3]","Summer","0",900
"Blackhawk","(-Inf,3]","Summer","30",1270
"Blackhawk","(-Inf,3]","Summer","60",1961
"Blackhawk","(-Inf,3]","Summer","90",1097
"Blackhawk","(-Inf,3]","Summer","120",517
"Blackhawk","(-Inf,3]","Summer","150",510
"Blackhawk","(-Inf,3]","Summer","180",852
"Blackhawk","(-Inf,3]","Summer","210",3354
"Blackhawk","(-Inf,3]","Summer","240",4412
"Blackhawk","(-Inf,3]","Summer","270",1704
"Blackhawk","(-Inf,3]","Summer","300",792
"Blackhawk","(-Inf,3]","Summer","330",670
"Blackhawk","(-Inf,3]","Winter","0",2267
"Blackhawk","(-Inf,3]","Winter","30",2177
"Blackhawk","(-Inf,3]","Winter","60",3145
"Blackhawk","(-Inf,3]","Winter","90",1525
"Blackhawk","(-Inf,3]","Winter","120",560
"Blackhawk","(-Inf,3]","Winter","150",816
"Blackhawk","(-Inf,3]","Winter","180",1314
"Blackhawk","(-Inf,3]","Winter","210",4311
"Blackhawk","(-Inf,3]","Winter","240",5669
"Blackhawk","(-Inf,3]","Winter","270",3396
"Blackhawk","(-Inf,3]","Winter","300",1777
"Blackhawk","(-Inf,3]","Winter","330",1447
"Boulder Creek","(9, Inf]","Summer","60",1
"Boulder Creek","(9, Inf]","Summer","150",1
"Boulder Creek","(9, Inf]","Winter","0",3
"Boulder Creek","(9, Inf]","Winter","30",8
"Boulder Creek","(9, Inf]","Winter","60",16
"Boulder Creek","(9, Inf]","Winter","90",7
"Boulder Creek","(9, Inf]","Winter","120",1
"Boulder Creek","(9, Inf]","Winter","150",2
"Boulder Creek","(6,9]","Summer","0",42
"Boulder Creek","(6,9]","Summer","30",55
"Boulder Creek","(6,9]","Summer","60",48
"Boulder Creek","(6,9]","Summer","90",33
"Boulder Creek","(6,9]","Summer","120",33
"Boulder Creek","(6,9]","Summer","150",19
"Boulder Creek","(6,9]","Summer","180",2
"Boulder Creek","(6,9]","Summer","210",1
"Boulder Creek","(6,9]","Summer","240",5
"Boulder Creek","(6,9]","Summer","270",97
"Boulder Creek","(6,9]","Summer","300",40
"Boulder Creek","(6,9]","Summer","330",9
"Boulder Creek","(6,9]","Winter","0",19
"Boulder Creek","(6,9]","Winter","30",162
"Boulder Creek","(6,9]","Winter","60",259
"Boulder Creek","(6,9]","Winter","90",118
"Boulder Creek","(6,9]","Winter","120",51
"Boulder Creek","(6,9]","Winter","150",66
"Boulder Creek","(6,9]","Winter","180",28
"Boulder Creek","(6,9]","Winter","210",2
"Boulder Creek","(6,9]","Winter","240",4
"Boulder Creek","(6,9]","Winter","270",8
"Boulder Creek","(6,9]","Winter","300",4
"Boulder Creek","(6,9]","Winter","330",1
"Boulder Creek","(3,6]","Summer","0",273
"Boulder Creek","(3,6]","Summer","30",445
"Boulder Creek","(3,6]","Summer","60",347
"Boulder Creek","(3,6]","Summer","90",217
"Boulder Creek","(3,6]","Summer","120",145
"Boulder Creek","(3,6]","Summer","150",95
"Boulder Creek","(3,6]","Summer","180",115
"Boulder Creek","(3,6]","Summer","210",269
"Boulder Creek","(3,6]","Summer","240",734
"Boulder Creek","(3,6]","Summer","270",1183
"Boulder Creek","(3,6]","Summer","300",535
"Boulder Creek","(3,6]","Summer","330",250
"Boulder Creek","(3,6]","Winter","0",162
"Boulder Creek","(3,6]","Winter","30",834
"Boulder Creek","(3,6]","Winter","60",1122
"Boulder Creek","(3,6]","Winter","90",666
"Boulder Creek","(3,6]","Winter","120",334
"Boulder Creek","(3,6]","Winter","150",249
"Boulder Creek","(3,6]","Winter","180",131
"Boulder Creek","(3,6]","Winter","210",102
"Boulder Creek","(3,6]","Winter","240",133
"Boulder Creek","(3,6]","Winter","270",164
"Boulder Creek","(3,6]","Winter","300",57
"Boulder Creek","(3,6]","Winter","330",28
"Boulder Creek","(-Inf,3]","Summer","0",1821
"Boulder Creek","(-Inf,3]","Summer","30",3804
"Boulder Creek","(-Inf,3]","Summer","60",4053
"Boulder Creek","(-Inf,3]","Summer","90",2975
"Boulder Creek","(-Inf,3]","Summer","120",3345
"Boulder Creek","(-Inf,3]","Summer","150",2548
"Boulder Creek","(-Inf,3]","Summer","180",2229
"Boulder Creek","(-Inf,3]","Summer","210",2277
"Boulder Creek","(-Inf,3]","Summer","240",2222
"Boulder Creek","(-Inf,3]","Summer","270",2215
"Boulder Creek","(-Inf,3]","Summer","300",2008
"Boulder Creek","(-Inf,3]","Summer","330",1917
"Boulder Creek","(-Inf,3]","Winter","0",1900
"Boulder Creek","(-Inf,3]","Winter","30",5935
"Boulder Creek","(-Inf,3]","Winter","60",9064
"Boulder Creek","(-Inf,3]","Winter","90",6687
"Boulder Creek","(-Inf,3]","Winter","120",6722
"Boulder Creek","(-Inf,3]","Winter","150",5973
"Boulder Creek","(-Inf,3]","Winter","180",2894
"Boulder Creek","(-Inf,3]","Winter","210",1690
"Boulder Creek","(-Inf,3]","Winter","240",1566
"Boulder Creek","(-Inf,3]","Winter","270",1343
"Boulder Creek","(-Inf,3]","Winter","300",1041
"Boulder Creek","(-Inf,3]","Winter","330",1001
"Bowron Pit","(9, Inf]","Summer","0",17
"Bowron Pit","(9, Inf]","Summer","30",31
"Bowron Pit","(9, Inf]","Summer","60",9
"Bowron Pit","(9, Inf]","Summer","90",3
"Bowron Pit","(9, Inf]","Summer","120",10
"Bowron Pit","(9, Inf]","Summer","150",10
"Bowron Pit","(9, Inf]","Winter","0",46
"Bowron Pit","(9, Inf]","Winter","30",54
"Bowron Pit","(9, Inf]","Winter","60",13
"Bowron Pit","(9, Inf]","Winter","120",83
"Bowron Pit","(9, Inf]","Winter","150",212
"Bowron Pit","(9, Inf]","Winter","180",42
"Bowron Pit","(9, Inf]","Winter","210",7
"Bowron Pit","(9, Inf]","Winter","300",1
"Bowron Pit","(9, Inf]","Winter","330",4
"Bowron Pit","(6,9]","Summer","0",25
"Bowron Pit","(6,9]","Summer","30",38
"Bowron Pit","(6,9]","Summer","60",10
"Bowron Pit","(6,9]","Summer","90",2
"Bowron Pit","(6,9]","Summer","120",11
"Bowron Pit","(6,9]","Summer","150",27
"Bowron Pit","(6,9]","Summer","180",5
"Bowron Pit","(6,9]","Summer","330",3
"Bowron Pit","(6,9]","Winter","0",42
"Bowron Pit","(6,9]","Winter","30",16
"Bowron Pit","(6,9]","Winter","60",9
"Bowron Pit","(6,9]","Winter","90",4
"Bowron Pit","(6,9]","Winter","120",73
"Bowron Pit","(6,9]","Winter","150",150
"Bowron Pit","(6,9]","Winter","180",41
"Bowron Pit","(6,9]","Winter","210",1
"Bowron Pit","(6,9]","Winter","300",1
"Bowron Pit","(6,9]","Winter","330",12
"Bowron Pit","(3,6]","Summer","0",188
"Bowron Pit","(3,6]","Summer","30",141
"Bowron Pit","(3,6]","Summer","60",74
"Bowron Pit","(3,6]","Summer","90",51
"Bowron Pit","(3,6]","Summer","120",180
"Bowron Pit","(3,6]","Summer","150",191
"Bowron Pit","(3,6]","Summer","180",58
"Bowron Pit","(3,6]","Summer","210",17
"Bowron Pit","(3,6]","Summer","240",4
"Bowron Pit","(3,6]","Summer","270",3
"Bowron Pit","(3,6]","Summer","300",8
"Bowron Pit","(3,6]","Summer","330",51
"Bowron Pit","(3,6]","Winter","0",174
"Bowron Pit","(3,6]","Winter","30",46
"Bowron Pit","(3,6]","Winter","60",48
"Bowron Pit","(3,6]","Winter","90",42
"Bowron Pit","(3,6]","Winter","120",364
"Bowron Pit","(3,6]","Winter","150",600
"Bowron Pit","(3,6]","Winter","180",209
"Bowron Pit","(3,6]","Winter","210",33
"Bowron Pit","(3,6]","Winter","240",24
"Bowron Pit","(3,6]","Winter","270",15
"Bowron Pit","(3,6]","Winter","300",34
"Bowron Pit","(3,6]","Winter","330",207
"Bowron Pit","(-Inf,3]","Summer","0",1501
"Bowron Pit","(-Inf,3]","Summer","30",787
"Bowron Pit","(-Inf,3]","Summer","60",513
"Bowron Pit","(-Inf,3]","Summer","90",776
"Bowron Pit","(-Inf,3]","Summer","120",1580
"Bowron Pit","(-Inf,3]","Summer","150",1781
"Bowron Pit","(-Inf,3]","Summer","180",949
"Bowron Pit","(-Inf,3]","Summer","210",490
"Bowron Pit","(-Inf,3]","Summer","240",406
"Bowron Pit","(-Inf,3]","Summer","270",393
"Bowron Pit","(-Inf,3]","Summer","300",530
"Bowron Pit","(-Inf,3]","Summer","330",811
"Bowron Pit","(-Inf,3]","Winter","0",1270
"Bowron Pit","(-Inf,3]","Winter","30",654
"Bowron Pit","(-Inf,3]","Winter","60",636
"Bowron Pit","(-Inf,3]","Winter","90",959
"Bowron Pit","(-Inf,3]","Winter","120",1962
"Bowron Pit","(-Inf,3]","Winter","150",2422
"Bowron Pit","(-Inf,3]","Winter","180",1571
"Bowron Pit","(-Inf,3]","Winter","210",775
"Bowron Pit","(-Inf,3]","Winter","240",507
"Bowron Pit","(-Inf,3]","Winter","270",704
"Bowron Pit","(-Inf,3]","Winter","300",1650
"Bowron Pit","(-Inf,3]","Winter","330",1842
"Bulkley","(6,9]","Summer","0",9
"Bulkley","(6,9]","Summer","60",1
"Bulkley","(6,9]","Summer","120",3
"Bulkley","(6,9]","Summer","150",2
"Bulkley","(6,9]","Summer","270",2
"Bulkley","(6,9]","Summer","300",3
"Bulkley","(6,9]","Summer","330",37
"Bulkley","(6,9]","Winter","0",32
"Bulkley","(6,9]","Winter","30",3
"Bulkley","(6,9]","Winter","120",42
"Bulkley","(6,9]","Winter","150",823
"Bulkley","(6,9]","Winter","180",37
"Bulkley","(6,9]","Winter","210",1
"Bulkley","(6,9]","Winter","240",6
"Bulkley","(6,9]","Winter","270",8
"Bulkley","(6,9]","Winter","300",12
"Bulkley","(6,9]","Winter","330",125
"Bulkley","(3,6]","Summer","0",367
"Bulkley","(3,6]","Summer","30",85
"Bulkley","(3,6]","Summer","60",37
"Bulkley","(3,6]","Summer","90",135
"Bulkley","(3,6]","Summer","120",455
"Bulkley","(3,6]","Summer","150",450
"Bulkley","(3,6]","Summer","180",59
"Bulkley","(3,6]","Summer","210",149
"Bulkley","(3,6]","Summer","240",209
"Bulkley","(3,6]","Summer","270",272
"Bulkley","(3,6]","Summer","300",518
"Bulkley","(3,6]","Summer","330",863
"Bulkley","(3,6]","Winter","0",192
"Bulkley","(3,6]","Winter","30",28
"Bulkley","(3,6]","Winter","60",26
"Bulkley","(3,6]","Winter","90",141
"Bulkley","(3,6]","Winter","120",1940
"Bulkley","(3,6]","Winter","150",4944
"Bulkley","(3,6]","Winter","180",447
"Bulkley","(3,6]","Winter","210",151
"Bulkley","(3,6]","Winter","240",226
"Bulkley","(3,6]","Winter","270",232
"Bulkley","(3,6]","Winter","300",936
"Bulkley","(3,6]","Winter","330",1187
"Bulkley","(-Inf,3]","Summer","0",3433
"Bulkley","(-Inf,3]","Summer","30",2581
"Bulkley","(-Inf,3]","Summer","60",3641
"Bulkley","(-Inf,3]","Summer","90",4289
"Bulkley","(-Inf,3]","Summer","120",6081
"Bulkley","(-Inf,3]","Summer","150",3826
"Bulkley","(-Inf,3]","Summer","180",2708
"Bulkley","(-Inf,3]","Summer","210",2985
"Bulkley","(-Inf,3]","Summer","240",3223
"Bulkley","(-Inf,3]","Summer","270",5780
"Bulkley","(-Inf,3]","Summer","300",7694
"Bulkley","(-Inf,3]","Summer","330",5873
"Bulkley","(-Inf,3]","Winter","0",3432
"Bulkley","(-Inf,3]","Winter","30",1721
"Bulkley","(-Inf,3]","Winter","60",2344
"Bulkley","(-Inf,3]","Winter","90",3502
"Bulkley","(-Inf,3]","Winter","120",7586
"Bulkley","(-Inf,3]","Winter","150",7421
"Bulkley","(-Inf,3]","Winter","180",3443
"Bulkley","(-Inf,3]","Winter","210",2979
"Bulkley","(-Inf,3]","Winter","240",2979
"Bulkley","(-Inf,3]","Winter","270",4971
"Bulkley","(-Inf,3]","Winter","300",10482
"Bulkley","(-Inf,3]","Winter","330",9467
"Canoe","(9, Inf]","Summer","0",1342
"Canoe","(9, Inf]","Summer","30",1452
"Canoe","(9, Inf]","Summer","60",742
"Canoe","(9, Inf]","Summer","90",400
"Canoe","(9, Inf]","Summer","120",926
"Canoe","(9, Inf]","Summer","150",6423
"Canoe","(9, Inf]","Summer","180",6418
"Canoe","(9, Inf]","Summer","210",1869
"Canoe","(9, Inf]","Summer","240",784
"Canoe","(9, Inf]","Summer","270",259
"Canoe","(9, Inf]","Summer","300",137
"Canoe","(9, Inf]","Summer","330",314
"Canoe","(9, Inf]","Winter","0",1217
"Canoe","(9, Inf]","Winter","30",1240
"Canoe","(9, Inf]","Winter","60",923
"Canoe","(9, Inf]","Winter","90",391
"Canoe","(9, Inf]","Winter","120",773
"Canoe","(9, Inf]","Winter","150",9756
"Canoe","(9, Inf]","Winter","180",7324
"Canoe","(9, Inf]","Winter","210",961
"Canoe","(9, Inf]","Winter","240",303
"Canoe","(9, Inf]","Winter","270",88
"Canoe","(9, Inf]","Winter","300",44
"Canoe","(9, Inf]","Winter","330",165
"Canoe","(6,9]","Summer","0",285
"Canoe","(6,9]","Summer","30",301
"Canoe","(6,9]","Summer","60",157
"Canoe","(6,9]","Summer","90",122
"Canoe","(6,9]","Summer","120",254
"Canoe","(6,9]","Summer","150",324
"Canoe","(6,9]","Summer","180",228
"Canoe","(6,9]","Summer","210",170
"Canoe","(6,9]","Summer","240",148
"Canoe","(6,9]","Summer","270",97
"Canoe","(6,9]","Summer","300",99
"Canoe","(6,9]","Summer","330",146
"Canoe","(6,9]","Winter","0",167
"Canoe","(6,9]","Winter","30",239
"Canoe","(6,9]","Winter","60",109
"Canoe","(6,9]","Winter","90",99
"Canoe","(6,9]","Winter","120",184
"Canoe","(6,9]","Winter","150",333
"Canoe","(6,9]","Winter","180",170
"Canoe","(6,9]","Winter","210",57
"Canoe","(6,9]","Winter","240",50
"Canoe","(6,9]","Winter","270",30
"Canoe","(6,9]","Winter","300",22
"Canoe","(6,9]","Winter","330",49
"Canoe","(3,6]","Summer","0",176
"Canoe","(3,6]","Summer","30",174
"Canoe","(3,6]","Summer","60",128
"Canoe","(3,6]","Summer","90",159
"Canoe","(3,6]","Summer","120",259
"Canoe","(3,6]","Summer","150",173
"Canoe","(3,6]","Summer","180",105
"Canoe","(3,6]","Summer","210",82
"Canoe","(3,6]","Summer","240",99
"Canoe","(3,6]","Summer","270",84
"Canoe","(3,6]","Summer","300",86
"Canoe","(3,6]","Summer","330",116
"Canoe","(3,6]","Winter","0",154
"Canoe","(3,6]","Winter","30",181
"Canoe","(3,6]","Winter","60",156
"Canoe","(3,6]","Winter","90",146
"Canoe","(3,6]","Winter","120",207
"Canoe","(3,6]","Winter","150",273
"Canoe","(3,6]","Winter","180",132
"Canoe","(3,6]","Winter","210",62
"Canoe","(3,6]","Winter","240",36
"Canoe","(3,6]","Winter","270",28
"Canoe","(3,6]","Winter","300",31
"Canoe","(3,6]","Winter","330",58
"Canoe","(-Inf,3]","Summer","0",248
"Canoe","(-Inf,3]","Summer","30",174
"Canoe","(-Inf,3]","Summer","60",112
"Canoe","(-Inf,3]","Summer","90",122
"Canoe","(-Inf,3]","Summer","120",170
"Canoe","(-Inf,3]","Summer","150",197
"Canoe","(-Inf,3]","Summer","180",113
"Canoe","(-Inf,3]","Summer","210",52
"Canoe","(-Inf,3]","Summer","240",52
"Canoe","(-Inf,3]","Summer","270",56
"Canoe","(-Inf,3]","Summer","300",65
"Canoe","(-Inf,3]","Summer","330",110
"Canoe","(-Inf,3]","Winter","0",686
"Canoe","(-Inf,3]","Winter","30",497
"Canoe","(-Inf,3]","Winter","60",600
"Canoe","(-Inf,3]","Winter","90",569
"Canoe","(-Inf,3]","Winter","120",628
"Canoe","(-Inf,3]","Winter","150",4456
"Canoe","(-Inf,3]","Winter","180",2043
"Canoe","(-Inf,3]","Winter","210",249
"Canoe","(-Inf,3]","Winter","240",111
"Canoe","(-Inf,3]","Winter","270",202
"Canoe","(-Inf,3]","Winter","300",58
"Canoe","(-Inf,3]","Winter","330",186
"Central Plateau Finlay","(9, Inf]","Winter","0",1
"Central Plateau Finlay","(9, Inf]","Winter","150",1
"Central Plateau Finlay","(6,9]","Summer","120",6
"Central Plateau Finlay","(6,9]","Summer","150",3
"Central Plateau Finlay","(6,9]","Summer","270",1
"Central Plateau Finlay","(6,9]","Summer","300",1
"Central Plateau Finlay","(6,9]","Winter","0",1
"Central Plateau Finlay","(6,9]","Winter","120",392
"Central Plateau Finlay","(6,9]","Winter","150",527
"Central Plateau Finlay","(6,9]","Winter","270",4
"Central Plateau Finlay","(6,9]","Winter","330",1
"Central Plateau Finlay","(3,6]","Summer","0",59
"Central Plateau Finlay","(3,6]","Summer","30",1
"Central Plateau Finlay","(3,6]","Summer","90",112
"Central Plateau Finlay","(3,6]","Summer","120",800
"Central Plateau Finlay","(3,6]","Summer","150",312
"Central Plateau Finlay","(3,6]","Summer","180",55
"Central Plateau Finlay","(3,6]","Summer","210",58
"Central Plateau Finlay","(3,6]","Summer","240",82
"Central Plateau Finlay","(3,6]","Summer","270",300
"Central Plateau Finlay","(3,6]","Summer","300",177
"Central Plateau Finlay","(3,6]","Summer","330",108
"Central Plateau Finlay","(3,6]","Winter","0",56
"Central Plateau Finlay","(3,6]","Winter","30",3
"Central Plateau Finlay","(3,6]","Winter","60",4
"Central Plateau Finlay","(3,6]","Winter","90",193
"Central Plateau Finlay","(3,6]","Winter","120",5285
"Central Plateau Finlay","(3,6]","Winter","150",2597
"Central Plateau Finlay","(3,6]","Winter","180",85
"Central Plateau Finlay","(3,6]","Winter","210",71
"Central Plateau Finlay","(3,6]","Winter","240",87
"Central Plateau Finlay","(3,6]","Winter","270",299
"Central Plateau Finlay","(3,6]","Winter","300",304
"Central Plateau Finlay","(3,6]","Winter","330",230
"Central Plateau Finlay","(-Inf,3]","Summer","0",1984
"Central Plateau Finlay","(-Inf,3]","Summer","30",2865
"Central Plateau Finlay","(-Inf,3]","Summer","60",2906
"Central Plateau Finlay","(-Inf,3]","Summer","90",5688
"Central Plateau Finlay","(-Inf,3]","Summer","120",6961
"Central Plateau Finlay","(-Inf,3]","Summer","150",3751
"Central Plateau Finlay","(-Inf,3]","Summer","180",4592
"Central Plateau Finlay","(-Inf,3]","Summer","210",8087
"Central Plateau Finlay","(-Inf,3]","Summer","240",7171
"Central Plateau Finlay","(-Inf,3]","Summer","270",4917
"Central Plateau Finlay","(-Inf,3]","Summer","300",2715
"Central Plateau Finlay","(-Inf,3]","Summer","330",1952
"Central Plateau Finlay","(-Inf,3]","Winter","0",2052
"Central Plateau Finlay","(-Inf,3]","Winter","30",1659
"Central Plateau Finlay","(-Inf,3]","Winter","60",2055
"Central Plateau Finlay","(-Inf,3]","Winter","90",6544
"Central Plateau Finlay","(-Inf,3]","Winter","120",12524
"Central Plateau Finlay","(-Inf,3]","Winter","150",5060
"Central Plateau Finlay","(-Inf,3]","Winter","180",4396
"Central Plateau Finlay","(-Inf,3]","Winter","210",5484
"Central Plateau Finlay","(-Inf,3]","Winter","240",6350
"Central Plateau Finlay","(-Inf,3]","Winter","270",9234
"Central Plateau Finlay","(-Inf,3]","Winter","300",6039
"Central Plateau Finlay","(-Inf,3]","Winter","330",2916
"Chapman","(9, Inf]","Summer","240",2
"Chapman","(9, Inf]","Summer","270",3
"Chapman","(9, Inf]","Summer","300",1
"Chapman","(9, Inf]","Winter","240",6
"Chapman","(6,9]","Summer","60",1
"Chapman","(6,9]","Summer","240",2
"Chapman","(6,9]","Summer","270",8
"Chapman","(6,9]","Summer","300",13
"Chapman","(6,9]","Winter","30",3
"Chapman","(6,9]","Winter","60",9
"Chapman","(6,9]","Winter","90",2
"Chapman","(6,9]","Winter","210",1
"Chapman","(6,9]","Winter","240",4
"Chapman","(6,9]","Winter","270",5
"Chapman","(6,9]","Winter","300",1
"Chapman","(3,6]","Summer","0",8
"Chapman","(3,6]","Summer","30",13
"Chapman","(3,6]","Summer","60",30
"Chapman","(3,6]","Summer","90",16
"Chapman","(3,6]","Summer","120",3
"Chapman","(3,6]","Summer","150",1
"Chapman","(3,6]","Summer","180",5
"Chapman","(3,6]","Summer","210",26
"Chapman","(3,6]","Summer","240",89
"Chapman","(3,6]","Summer","270",163
"Chapman","(3,6]","Summer","300",174
"Chapman","(3,6]","Summer","330",21
"Chapman","(3,6]","Winter","0",10
"Chapman","(3,6]","Winter","30",18
"Chapman","(3,6]","Winter","60",27
"Chapman","(3,6]","Winter","90",17
"Chapman","(3,6]","Winter","120",3
"Chapman","(3,6]","Winter","150",4
"Chapman","(3,6]","Winter","180",9
"Chapman","(3,6]","Winter","210",26
"Chapman","(3,6]","Winter","240",55
"Chapman","(3,6]","Winter","270",38
"Chapman","(3,6]","Winter","300",23
"Chapman","(3,6]","Winter","330",7
"Chapman","(-Inf,3]","Summer","0",238
"Chapman","(-Inf,3]","Summer","30",323
"Chapman","(-Inf,3]","Summer","60",559
"Chapman","(-Inf,3]","Summer","90",275
"Chapman","(-Inf,3]","Summer","120",180
"Chapman","(-Inf,3]","Summer","150",144
"Chapman","(-Inf,3]","Summer","180",171
"Chapman","(-Inf,3]","Summer","210",342
"Chapman","(-Inf,3]","Summer","240",656
"Chapman","(-Inf,3]","Summer","270",1212
"Chapman","(-Inf,3]","Summer","300",714
"Chapman","(-Inf,3]","Summer","330",307
"Chapman","(-Inf,3]","Winter","0",360
"Chapman","(-Inf,3]","Winter","30",425
"Chapman","(-Inf,3]","Winter","60",864
"Chapman","(-Inf,3]","Winter","90",577
"Chapman","(-Inf,3]","Winter","120",194
"Chapman","(-Inf,3]","Winter","150",181
"Chapman","(-Inf,3]","Winter","180",181
"Chapman","(-Inf,3]","Winter","210",294
"Chapman","(-Inf,3]","Winter","240",431
"Chapman","(-Inf,3]","Winter","270",1050
"Chapman","(-Inf,3]","Winter","300",572
"Chapman","(-Inf,3]","Winter","330",315
"Chief Lake","(9, Inf]","Winter","0",6
"Chief Lake","(9, Inf]","Winter","330",2
"Chief Lake","(6,9]","Summer","330",1
"Chief Lake","(6,9]","Winter","0",12
"Chief Lake","(6,9]","Winter","330",13
"Chief Lake","(3,6]","Summer","0",9
"Chief Lake","(3,6]","Summer","90",1
"Chief Lake","(3,6]","Summer","270",2
"Chief Lake","(3,6]","Summer","300",6
"Chief Lake","(3,6]","Summer","330",16
"Chief Lake","(3,6]","Winter","0",52
"Chief Lake","(3,6]","Winter","120",2
"Chief Lake","(3,6]","Winter","150",3
"Chief Lake","(3,6]","Winter","180",1
"Chief Lake","(3,6]","Winter","210",5
"Chief Lake","(3,6]","Winter","240",2
"Chief Lake","(3,6]","Winter","270",1
"Chief Lake","(3,6]","Winter","300",1
"Chief Lake","(3,6]","Winter","330",117
"Chief Lake","(-Inf,3]","Summer","0",185
"Chief Lake","(-Inf,3]","Summer","30",381
"Chief Lake","(-Inf,3]","Summer","60",402
"Chief Lake","(-Inf,3]","Summer","90",440
"Chief Lake","(-Inf,3]","Summer","120",269
"Chief Lake","(-Inf,3]","Summer","150",505
"Chief Lake","(-Inf,3]","Summer","180",427
"Chief Lake","(-Inf,3]","Summer","210",362
"Chief Lake","(-Inf,3]","Summer","240",195
"Chief Lake","(-Inf,3]","Summer","270",240
"Chief Lake","(-Inf,3]","Summer","300",202
"Chief Lake","(-Inf,3]","Summer","330",210
"Chief Lake","(-Inf,3]","Winter","0",165
"Chief Lake","(-Inf,3]","Winter","30",261
"Chief Lake","(-Inf,3]","Winter","60",631
"Chief Lake","(-Inf,3]","Winter","90",872
"Chief Lake","(-Inf,3]","Winter","120",403
"Chief Lake","(-Inf,3]","Winter","150",328
"Chief Lake","(-Inf,3]","Winter","180",466
"Chief Lake","(-Inf,3]","Winter","210",645
"Chief Lake","(-Inf,3]","Winter","240",335
"Chief Lake","(-Inf,3]","Winter","270",245
"Chief Lake","(-Inf,3]","Winter","300",162
"Chief Lake","(-Inf,3]","Winter","330",622
"ChiefLk","(9, Inf]","Winter","0",14
"ChiefLk","(6,9]","Summer","240",1
"ChiefLk","(6,9]","Winter","0",52
"ChiefLk","(6,9]","Winter","210",1
"ChiefLk","(6,9]","Winter","330",8
"ChiefLk","(3,6]","Summer","0",69
"ChiefLk","(3,6]","Summer","30",3
"ChiefLk","(3,6]","Summer","60",7
"ChiefLk","(3,6]","Summer","90",6
"ChiefLk","(3,6]","Summer","120",3
"ChiefLk","(3,6]","Summer","150",5
"ChiefLk","(3,6]","Summer","180",4
"ChiefLk","(3,6]","Summer","210",38
"ChiefLk","(3,6]","Summer","240",5
"ChiefLk","(3,6]","Summer","270",1
"ChiefLk","(3,6]","Summer","330",39
"ChiefLk","(3,6]","Winter","0",136
"ChiefLk","(3,6]","Winter","120",19
"ChiefLk","(3,6]","Winter","150",23
"ChiefLk","(3,6]","Winter","180",3
"ChiefLk","(3,6]","Winter","210",40
"ChiefLk","(3,6]","Winter","240",11
"ChiefLk","(3,6]","Winter","270",10
"ChiefLk","(3,6]","Winter","300",2
"ChiefLk","(3,6]","Winter","330",186
"ChiefLk","(-Inf,3]","Summer","0",375
"ChiefLk","(-Inf,3]","Summer","30",281
"ChiefLk","(-Inf,3]","Summer","60",637
"ChiefLk","(-Inf,3]","Summer","90",994
"ChiefLk","(-Inf,3]","Summer","120",573
"ChiefLk","(-Inf,3]","Summer","150",570
"ChiefLk","(-Inf,3]","Summer","180",988
"ChiefLk","(-Inf,3]","Summer","210",1761
"ChiefLk","(-Inf,3]","Summer","240",1055
"ChiefLk","(-Inf,3]","Summer","270",528
"ChiefLk","(-Inf,3]","Summer","300",399
"ChiefLk","(-Inf,3]","Summer","330",920
"ChiefLk","(-Inf,3]","Winter","0",466
"ChiefLk","(-Inf,3]","Winter","30",405
"ChiefLk","(-Inf,3]","Winter","60",1325
"ChiefLk","(-Inf,3]","Winter","90",1448
"ChiefLk","(-Inf,3]","Winter","120",859
"ChiefLk","(-Inf,3]","Winter","150",684
"ChiefLk","(-Inf,3]","Winter","180",774
"ChiefLk","(-Inf,3]","Winter","210",1190
"ChiefLk","(-Inf,3]","Winter","240",734
"ChiefLk","(-Inf,3]","Winter","270",369
"ChiefLk","(-Inf,3]","Winter","300",282
"ChiefLk","(-Inf,3]","Winter","330",1159
"Coalmine","(-Inf,3]","Summer","0",553
"Coalmine","(-Inf,3]","Summer","30",379
"Coalmine","(-Inf,3]","Summer","60",521
"Coalmine","(-Inf,3]","Summer","90",1071
"Coalmine","(-Inf,3]","Summer","120",2832
"Coalmine","(-Inf,3]","Summer","150",3484
"Coalmine","(-Inf,3]","Summer","180",978
"Coalmine","(-Inf,3]","Summer","210",511
"Coalmine","(-Inf,3]","Summer","240",647
"Coalmine","(-Inf,3]","Summer","270",1387
"Coalmine","(-Inf,3]","Summer","300",1632
"Coalmine","(-Inf,3]","Summer","330",1085
"Coalmine","(-Inf,3]","Winter","0",314
"Coalmine","(-Inf,3]","Winter","30",292
"Coalmine","(-Inf,3]","Winter","60",501
"Coalmine","(-Inf,3]","Winter","90",1092
"Coalmine","(-Inf,3]","Winter","120",4291
"Coalmine","(-Inf,3]","Winter","150",7321
"Coalmine","(-Inf,3]","Winter","180",1146
"Coalmine","(-Inf,3]","Winter","210",702
"Coalmine","(-Inf,3]","Winter","240",717
"Coalmine","(-Inf,3]","Winter","270",1442
"Coalmine","(-Inf,3]","Winter","300",1571
"Coalmine","(-Inf,3]","Winter","330",1035
"Crystal Lake","(9, Inf]","Summer","0",47
"Crystal Lake","(9, Inf]","Summer","30",132
"Crystal Lake","(9, Inf]","Summer","60",421
"Crystal Lake","(9, Inf]","Summer","90",98
"Crystal Lake","(9, Inf]","Summer","120",106
"Crystal Lake","(9, Inf]","Summer","150",136
"Crystal Lake","(9, Inf]","Summer","180",197
"Crystal Lake","(9, Inf]","Summer","210",448
"Crystal Lake","(9, Inf]","Summer","240",950
"Crystal Lake","(9, Inf]","Summer","270",834
"Crystal Lake","(9, Inf]","Summer","300",98
"Crystal Lake","(9, Inf]","Summer","330",49
"Crystal Lake","(9, Inf]","Winter","0",177
"Crystal Lake","(9, Inf]","Winter","30",347
"Crystal Lake","(9, Inf]","Winter","60",281
"Crystal Lake","(9, Inf]","Winter","90",31
"Crystal Lake","(9, Inf]","Winter","120",170
"Crystal Lake","(9, Inf]","Winter","150",524
"Crystal Lake","(9, Inf]","Winter","180",311
"Crystal Lake","(9, Inf]","Winter","210",176
"Crystal Lake","(9, Inf]","Winter","240",548
"Crystal Lake","(9, Inf]","Winter","270",480
"Crystal Lake","(9, Inf]","Winter","300",106
"Crystal Lake","(9, Inf]","Winter","330",269
"Crystal Lake","(6,9]","Summer","0",205
"Crystal Lake","(6,9]","Summer","30",200
"Crystal Lake","(6,9]","Summer","60",197
"Crystal Lake","(6,9]","Summer","90",96
"Crystal Lake","(6,9]","Summer","120",168
"Crystal Lake","(6,9]","Summer","150",653
"Crystal Lake","(6,9]","Summer","180",1242
"Crystal Lake","(6,9]","Summer","210",1200
"Crystal Lake","(6,9]","Summer","240",810
"Crystal Lake","(6,9]","Summer","270",491
"Crystal Lake","(6,9]","Summer","300",241
"Crystal Lake","(6,9]","Summer","330",396
"Crystal Lake","(6,9]","Winter","0",484
"Crystal Lake","(6,9]","Winter","30",267
"Crystal Lake","(6,9]","Winter","60",145
"Crystal Lake","(6,9]","Winter","90",99
"Crystal Lake","(6,9]","Winter","120",153
"Crystal Lake","(6,9]","Winter","150",1862
"Crystal Lake","(6,9]","Winter","180",1402
"Crystal Lake","(6,9]","Winter","210",540
"Crystal Lake","(6,9]","Winter","240",304
"Crystal Lake","(6,9]","Winter","270",191
"Crystal Lake","(6,9]","Winter","300",381
"Crystal Lake","(6,9]","Winter","330",892
"Crystal Lake","(3,6]","Summer","0",413
"Crystal Lake","(3,6]","Summer","30",259
"Crystal Lake","(3,6]","Summer","60",139
"Crystal Lake","(3,6]","Summer","90",103
"Crystal Lake","(3,6]","Summer","120",251
"Crystal Lake","(3,6]","Summer","150",1203
"Crystal Lake","(3,6]","Summer","180",1737
"Crystal Lake","(3,6]","Summer","210",1149
"Crystal Lake","(3,6]","Summer","240",599
"Crystal Lake","(3,6]","Summer","270",410
"Crystal Lake","(3,6]","Summer","300",535
"Crystal Lake","(3,6]","Summer","330",772
"Crystal Lake","(3,6]","Winter","0",513
"Crystal Lake","(3,6]","Winter","30",245
"Crystal Lake","(3,6]","Winter","60",155
"Crystal Lake","(3,6]","Winter","90",161
"Crystal Lake","(3,6]","Winter","120",306
"Crystal Lake","(3,6]","Winter","150",2429
"Crystal Lake","(3,6]","Winter","180",1920
"Crystal Lake","(3,6]","Winter","210",747
"Crystal Lake","(3,6]","Winter","240",241
"Crystal Lake","(3,6]","Winter","270",146
"Crystal Lake","(3,6]","Winter","300",662
"Crystal Lake","(3,6]","Winter","330",1070
"Crystal Lake","(-Inf,3]","Summer","0",1030
"Crystal Lake","(-Inf,3]","Summer","30",787
"Crystal Lake","(-Inf,3]","Summer","60",778
"Crystal Lake","(-Inf,3]","Summer","90",814
"Crystal Lake","(-Inf,3]","Summer","120",1220
"Crystal Lake","(-Inf,3]","Summer","150",2418
"Crystal Lake","(-Inf,3]","Summer","180",2528
"Crystal Lake","(-Inf,3]","Summer","210",1758
"Crystal Lake","(-Inf,3]","Summer","240",1107
"Crystal Lake","(-Inf,3]","Summer","270",1053
"Crystal Lake","(-Inf,3]","Summer","300",1293
"Crystal Lake","(-Inf,3]","Summer","330",1495
"Crystal Lake","(-Inf,3]","Winter","0",1493
"Crystal Lake","(-Inf,3]","Winter","30",1047
"Crystal Lake","(-Inf,3]","Winter","60",1307
"Crystal Lake","(-Inf,3]","Winter","90",1263
"Crystal Lake","(-Inf,3]","Winter","120",1635
"Crystal Lake","(-Inf,3]","Winter","150",4182
"Crystal Lake","(-Inf,3]","Winter","180",3338
"Crystal Lake","(-Inf,3]","Winter","210",2015
"Crystal Lake","(-Inf,3]","Winter","240",1031
"Crystal Lake","(-Inf,3]","Winter","270",632
"Crystal Lake","(-Inf,3]","Winter","300",2260
"Crystal Lake","(-Inf,3]","Winter","330",2743
"Dunster","(9, Inf]","Summer","0",1
"Dunster","(9, Inf]","Summer","90",1
"Dunster","(9, Inf]","Summer","120",6
"Dunster","(9, Inf]","Summer","270",18
"Dunster","(9, Inf]","Summer","300",277
"Dunster","(9, Inf]","Summer","330",41
"Dunster","(9, Inf]","Winter","90",1
"Dunster","(9, Inf]","Winter","120",493
"Dunster","(9, Inf]","Winter","150",15
"Dunster","(9, Inf]","Winter","270",14
"Dunster","(9, Inf]","Winter","300",309
"Dunster","(9, Inf]","Winter","330",71
"Dunster","(6,9]","Summer","0",1
"Dunster","(6,9]","Summer","30",2
"Dunster","(6,9]","Summer","60",3
"Dunster","(6,9]","Summer","90",3
"Dunster","(6,9]","Summer","120",176
"Dunster","(6,9]","Summer","150",43
"Dunster","(6,9]","Summer","180",1
"Dunster","(6,9]","Summer","210",2
"Dunster","(6,9]","Summer","240",1
"Dunster","(6,9]","Summer","270",49
"Dunster","(6,9]","Summer","300",1539
"Dunster","(6,9]","Summer","330",161
"Dunster","(6,9]","Winter","0",1
"Dunster","(6,9]","Winter","60",1
"Dunster","(6,9]","Winter","90",2
"Dunster","(6,9]","Winter","120",3630
"Dunster","(6,9]","Winter","150",347
"Dunster","(6,9]","Winter","240",1
"Dunster","(6,9]","Winter","270",45
"Dunster","(6,9]","Winter","300",1065
"Dunster","(6,9]","Winter","330",220
"Dunster","(3,6]","Summer","0",18
"Dunster","(3,6]","Summer","30",11
"Dunster","(3,6]","Summer","60",17
"Dunster","(3,6]","Summer","90",41
"Dunster","(3,6]","Summer","120",938
"Dunster","(3,6]","Summer","150",672
"Dunster","(3,6]","Summer","180",122
"Dunster","(3,6]","Summer","210",189
"Dunster","(3,6]","Summer","240",37
"Dunster","(3,6]","Summer","270",695
"Dunster","(3,6]","Summer","300",2782
"Dunster","(3,6]","Summer","330",310
"Dunster","(3,6]","Winter","0",7
"Dunster","(3,6]","Winter","30",7
"Dunster","(3,6]","Winter","60",13
"Dunster","(3,6]","Winter","90",56
"Dunster","(3,6]","Winter","120",5626
"Dunster","(3,6]","Winter","150",1871
"Dunster","(3,6]","Winter","180",334
"Dunster","(3,6]","Winter","210",294
"Dunster","(3,6]","Winter","240",74
"Dunster","(3,6]","Winter","270",529
"Dunster","(3,6]","Winter","300",1769
"Dunster","(3,6]","Winter","330",359
"Dunster","(-Inf,3]","Summer","0",271
"Dunster","(-Inf,3]","Summer","30",180
"Dunster","(-Inf,3]","Summer","60",254
"Dunster","(-Inf,3]","Summer","90",607
"Dunster","(-Inf,3]","Summer","120",3406
"Dunster","(-Inf,3]","Summer","150",3796
"Dunster","(-Inf,3]","Summer","180",2891
"Dunster","(-Inf,3]","Summer","210",2192
"Dunster","(-Inf,3]","Summer","240",1978
"Dunster","(-Inf,3]","Summer","270",4612
"Dunster","(-Inf,3]","Summer","300",3297
"Dunster","(-Inf,3]","Summer","330",826
"Dunster","(-Inf,3]","Winter","0",162
"Dunster","(-Inf,3]","Winter","30",81
"Dunster","(-Inf,3]","Winter","60",113
"Dunster","(-Inf,3]","Winter","90",676
"Dunster","(-Inf,3]","Winter","120",7464
"Dunster","(-Inf,3]","Winter","150",4019
"Dunster","(-Inf,3]","Winter","180",2181
"Dunster","(-Inf,3]","Winter","210",1326
"Dunster","(-Inf,3]","Winter","240",1236
"Dunster","(-Inf,3]","Winter","270",2973
"Dunster","(-Inf,3]","Winter","300",2711
"Dunster","(-Inf,3]","Winter","330",1088
"Endako","(9, Inf]","Summer","0",137
"Endako","(9, Inf]","Summer","30",264
"Endako","(9, Inf]","Summer","60",187
"Endako","(9, Inf]","Summer","90",52
"Endako","(9, Inf]","Summer","120",43
"Endako","(9, Inf]","Summer","150",83
"Endako","(9, Inf]","Summer","180",148
"Endako","(9, Inf]","Summer","210",361
"Endako","(9, Inf]","Summer","240",630
"Endako","(9, Inf]","Summer","270",1425
"Endako","(9, Inf]","Summer","300",654
"Endako","(9, Inf]","Summer","330",49
"Endako","(9, Inf]","Winter","0",115
"Endako","(9, Inf]","Winter","30",532
"Endako","(9, Inf]","Winter","60",546
"Endako","(9, Inf]","Winter","90",137
"Endako","(9, Inf]","Winter","120",165
"Endako","(9, Inf]","Winter","150",243
"Endako","(9, Inf]","Winter","180",305
"Endako","(9, Inf]","Winter","210",391
"Endako","(9, Inf]","Winter","240",481
"Endako","(9, Inf]","Winter","270",641
"Endako","(9, Inf]","Winter","300",203
"Endako","(9, Inf]","Winter","330",23
"Endako","(6,9]","Summer","0",303
"Endako","(6,9]","Summer","30",986
"Endako","(6,9]","Summer","60",310
"Endako","(6,9]","Summer","90",227
"Endako","(6,9]","Summer","120",379
"Endako","(6,9]","Summer","150",425
"Endako","(6,9]","Summer","180",525
"Endako","(6,9]","Summer","210",881
"Endako","(6,9]","Summer","240",1263
"Endako","(6,9]","Summer","270",1487
"Endako","(6,9]","Summer","300",710
"Endako","(6,9]","Summer","330",140
"Endako","(6,9]","Winter","0",544
"Endako","(6,9]","Winter","30",1445
"Endako","(6,9]","Winter","60",960
"Endako","(6,9]","Winter","90",960
"Endako","(6,9]","Winter","120",871
"Endako","(6,9]","Winter","150",545
"Endako","(6,9]","Winter","180",428
"Endako","(6,9]","Winter","210",428
"Endako","(6,9]","Winter","240",489
"Endako","(6,9]","Winter","270",460
"Endako","(6,9]","Winter","300",231
"Endako","(6,9]","Winter","330",75
"Endako","(3,6]","Summer","0",1083
"Endako","(3,6]","Summer","30",3132
"Endako","(3,6]","Summer","60",688
"Endako","(3,6]","Summer","90",599
"Endako","(3,6]","Summer","120",710
"Endako","(3,6]","Summer","150",812
"Endako","(3,6]","Summer","180",866
"Endako","(3,6]","Summer","210",1108
"Endako","(3,6]","Summer","240",1148
"Endako","(3,6]","Summer","270",1104
"Endako","(3,6]","Summer","300",813
"Endako","(3,6]","Summer","330",499
"Endako","(3,6]","Winter","0",1299
"Endako","(3,6]","Winter","30",4434
"Endako","(3,6]","Winter","60",2177
"Endako","(3,6]","Winter","90",2323
"Endako","(3,6]","Winter","120",1788
"Endako","(3,6]","Winter","150",978
"Endako","(3,6]","Winter","180",590
"Endako","(3,6]","Winter","210",496
"Endako","(3,6]","Winter","240",552
"Endako","(3,6]","Winter","270",474
"Endako","(3,6]","Winter","300",366
"Endako","(3,6]","Winter","330",267
"Endako","(-Inf,3]","Summer","0",4009
"Endako","(-Inf,3]","Summer","30",5198
"Endako","(-Inf,3]","Summer","60",1766
"Endako","(-Inf,3]","Summer","90",1360
"Endako","(-Inf,3]","Summer","120",1578
"Endako","(-Inf,3]","Summer","150",1895
"Endako","(-Inf,3]","Summer","180",1606
"Endako","(-Inf,3]","Summer","210",1770
"Endako","(-Inf,3]","Summer","240",2115
"Endako","(-Inf,3]","Summer","270",3608
"Endako","(-Inf,3]","Summer","300",2988
"Endako","(-Inf,3]","Summer","330",2025
"Endako","(-Inf,3]","Winter","0",6135
"Endako","(-Inf,3]","Winter","30",9686
"Endako","(-Inf,3]","Winter","60",6429
"Endako","(-Inf,3]","Winter","90",5308
"Endako","(-Inf,3]","Winter","120",5005
"Endako","(-Inf,3]","Winter","150",3676
"Endako","(-Inf,3]","Winter","180",2368
"Endako","(-Inf,3]","Winter","210",1695
"Endako","(-Inf,3]","Winter","240",1834
"Endako","(-Inf,3]","Winter","270",2165
"Endako","(-Inf,3]","Winter","300",1747
"Endako","(-Inf,3]","Winter","330",1594
"George Lake","(9, Inf]","Summer","0",87
"George Lake","(9, Inf]","Summer","30",33
"George Lake","(9, Inf]","Summer","60",64
"George Lake","(9, Inf]","Summer","90",139
"George Lake","(9, Inf]","Summer","120",66
"George Lake","(9, Inf]","Summer","150",186
"George Lake","(9, Inf]","Summer","180",109
"George Lake","(9, Inf]","Summer","210",40
"George Lake","(9, Inf]","Summer","240",19
"George Lake","(9, Inf]","Summer","270",22
"George Lake","(9, Inf]","Summer","300",42
"George Lake","(9, Inf]","Summer","330",32
"George Lake","(9, Inf]","Winter","0",199
"George Lake","(9, Inf]","Winter","30",39
"George Lake","(9, Inf]","Winter","60",31
"George Lake","(9, Inf]","Winter","90",358
"George Lake","(9, Inf]","Winter","120",253
"George Lake","(9, Inf]","Winter","150",388
"George Lake","(9, Inf]","Winter","180",307
"George Lake","(9, Inf]","Winter","210",15
"George Lake","(9, Inf]","Winter","240",15
"George Lake","(9, Inf]","Winter","270",191
"George Lake","(9, Inf]","Winter","300",126
"George Lake","(9, Inf]","Winter","330",77
"George Lake","(6,9]","Summer","0",381
"George Lake","(6,9]","Summer","30",286
"George Lake","(6,9]","Summer","60",174
"George Lake","(6,9]","Summer","90",297
"George Lake","(6,9]","Summer","120",380
"George Lake","(6,9]","Summer","150",812
"George Lake","(6,9]","Summer","180",607
"George Lake","(6,9]","Summer","210",420
"George Lake","(6,9]","Summer","240",293
"George Lake","(6,9]","Summer","270",321
"George Lake","(6,9]","Summer","300",244
"George Lake","(6,9]","Summer","330",230
"George Lake","(6,9]","Winter","0",689
"George Lake","(6,9]","Winter","30",156
"George Lake","(6,9]","Winter","60",107
"George Lake","(6,9]","Winter","90",619
"George Lake","(6,9]","Winter","120",512
"George Lake","(6,9]","Winter","150",886
"George Lake","(6,9]","Winter","180",855
"George Lake","(6,9]","Winter","210",216
"George Lake","(6,9]","Winter","240",157
"George Lake","(6,9]","Winter","270",425
"George Lake","(6,9]","Winter","300",289
"George Lake","(6,9]","Winter","330",507
"George Lake","(3,6]","Summer","0",588
"George Lake","(3,6]","Summer","30",476
"George Lake","(3,6]","Summer","60",344
"George Lake","(3,6]","Summer","90",396
"George Lake","(3,6]","Summer","120",629
"George Lake","(3,6]","Summer","150",975
"George Lake","(3,6]","Summer","180",1156
"George Lake","(3,6]","Summer","210",770
"George Lake","(3,6]","Summer","240",588
"George Lake","(3,6]","Summer","270",703
"George Lake","(3,6]","Summer","300",568
"George Lake","(3,6]","Summer","330",520
"George Lake","(3,6]","Winter","0",1188
"George Lake","(3,6]","Winter","30",506
"George Lake","(3,6]","Winter","60",306
"George Lake","(3,6]","Winter","90",586
"George Lake","(3,6]","Winter","120",666
"George Lake","(3,6]","Winter","150",1325
"George Lake","(3,6]","Winter","180",1427
"George Lake","(3,6]","Winter","210",467
"George Lake","(3,6]","Winter","240",405
"George Lake","(3,6]","Winter","270",719
"George Lake","(3,6]","Winter","300",519
"George Lake","(3,6]","Winter","330",1274
"George Lake","(-Inf,3]","Summer","0",3034
"George Lake","(-Inf,3]","Summer","30",2731
"George Lake","(-Inf,3]","Summer","60",2697
"George Lake","(-Inf,3]","Summer","90",2789
"George Lake","(-Inf,3]","Summer","120",3279
"George Lake","(-Inf,3]","Summer","150",3003
"George Lake","(-Inf,3]","Summer","180",3498
"George Lake","(-Inf,3]","Summer","210",2897
"George Lake","(-Inf,3]","Summer","240",2517
"George Lake","(-Inf,3]","Summer","270",3319
"George Lake","(-Inf,3]","Summer","300",2932
"George Lake","(-Inf,3]","Summer","330",3052
"George Lake","(-Inf,3]","Winter","0",6306
"George Lake","(-Inf,3]","Winter","30",3584
"George Lake","(-Inf,3]","Winter","60",2385
"George Lake","(-Inf,3]","Winter","90",2915
"George Lake","(-Inf,3]","Winter","120",4409
"George Lake","(-Inf,3]","Winter","150",6838
"George Lake","(-Inf,3]","Winter","180",6344
"George Lake","(-Inf,3]","Winter","210",4291
"George Lake","(-Inf,3]","Winter","240",2725
"George Lake","(-Inf,3]","Winter","270",3462
"George Lake","(-Inf,3]","Winter","300",3634
"George Lake","(-Inf,3]","Winter","330",4767
"Gunnel","(9, Inf]","Summer","0",609
"Gunnel","(9, Inf]","Summer","30",716
"Gunnel","(9, Inf]","Summer","60",860
"Gunnel","(9, Inf]","Summer","90",526
"Gunnel","(9, Inf]","Summer","120",787
"Gunnel","(9, Inf]","Summer","150",303
"Gunnel","(9, Inf]","Summer","180",587
"Gunnel","(9, Inf]","Summer","210",980
"Gunnel","(9, Inf]","Summer","240",203
"Gunnel","(9, Inf]","Summer","270",420
"Gunnel","(9, Inf]","Summer","300",919
"Gunnel","(9, Inf]","Summer","330",803
"Gunnel","(9, Inf]","Winter","0",465
"Gunnel","(9, Inf]","Winter","30",452
"Gunnel","(9, Inf]","Winter","60",295
"Gunnel","(9, Inf]","Winter","90",680
"Gunnel","(9, Inf]","Winter","120",1678
"Gunnel","(9, Inf]","Winter","150",622
"Gunnel","(9, Inf]","Winter","180",1782
"Gunnel","(9, Inf]","Winter","210",2673
"Gunnel","(9, Inf]","Winter","240",303
"Gunnel","(9, Inf]","Winter","270",612
"Gunnel","(9, Inf]","Winter","300",1081
"Gunnel","(9, Inf]","Winter","330",685
"Gunnel","(6,9]","Summer","0",171
"Gunnel","(6,9]","Summer","30",296
"Gunnel","(6,9]","Summer","60",338
"Gunnel","(6,9]","Summer","90",190
"Gunnel","(6,9]","Summer","120",356
"Gunnel","(6,9]","Summer","150",211
"Gunnel","(6,9]","Summer","180",399
"Gunnel","(6,9]","Summer","210",443
"Gunnel","(6,9]","Summer","240",170
"Gunnel","(6,9]","Summer","270",193
"Gunnel","(6,9]","Summer","300",223
"Gunnel","(6,9]","Summer","330",207
"Gunnel","(6,9]","Winter","0",158
"Gunnel","(6,9]","Winter","30",194
"Gunnel","(6,9]","Winter","60",189
"Gunnel","(6,9]","Winter","90",205
"Gunnel","(6,9]","Winter","120",581
"Gunnel","(6,9]","Winter","150",323
"Gunnel","(6,9]","Winter","180",511
"Gunnel","(6,9]","Winter","210",457
"Gunnel","(6,9]","Winter","240",171
"Gunnel","(6,9]","Winter","270",198
"Gunnel","(6,9]","Winter","300",168
"Gunnel","(6,9]","Winter","330",235
"Gunnel","(3,6]","Summer","0",226
"Gunnel","(3,6]","Summer","30",280
"Gunnel","(3,6]","Summer","60",304
"Gunnel","(3,6]","Summer","90",245
"Gunnel","(3,6]","Summer","120",297
"Gunnel","(3,6]","Summer","150",185
"Gunnel","(3,6]","Summer","180",249
"Gunnel","(3,6]","Summer","210",329
"Gunnel","(3,6]","Summer","240",183
"Gunnel","(3,6]","Summer","270",163
"Gunnel","(3,6]","Summer","300",192
"Gunnel","(3,6]","Summer","330",194
"Gunnel","(3,6]","Winter","0",194
"Gunnel","(3,6]","Winter","30",187
"Gunnel","(3,6]","Winter","60",182
"Gunnel","(3,6]","Winter","90",198
"Gunnel","(3,6]","Winter","120",506
"Gunnel","(3,6]","Winter","150",280
"Gunnel","(3,6]","Winter","180",400
"Gunnel","(3,6]","Winter","210",327
"Gunnel","(3,6]","Winter","240",170
"Gunnel","(3,6]","Winter","270",159
"Gunnel","(3,6]","Winter","300",189
"Gunnel","(3,6]","Winter","330",218
"Gunnel","(-Inf,3]","Summer","0",110
"Gunnel","(-Inf,3]","Summer","30",255
"Gunnel","(-Inf,3]","Summer","60",655
"Gunnel","(-Inf,3]","Summer","90",172
"Gunnel","(-Inf,3]","Summer","120",123
"Gunnel","(-Inf,3]","Summer","150",88
"Gunnel","(-Inf,3]","Summer","180",101
"Gunnel","(-Inf,3]","Summer","210",107
"Gunnel","(-Inf,3]","Summer","240",51
"Gunnel","(-Inf,3]","Summer","270",73
"Gunnel","(-Inf,3]","Summer","300",98
"Gunnel","(-Inf,3]","Summer","330",130
"Gunnel","(-Inf,3]","Winter","0",161
"Gunnel","(-Inf,3]","Winter","30",221
"Gunnel","(-Inf,3]","Winter","60",178
"Gunnel","(-Inf,3]","Winter","90",220
"Gunnel","(-Inf,3]","Winter","120",463
"Gunnel","(-Inf,3]","Winter","150",218
"Gunnel","(-Inf,3]","Winter","180",202
"Gunnel","(-Inf,3]","Winter","210",173
"Gunnel","(-Inf,3]","Winter","240",122
"Gunnel","(-Inf,3]","Winter","270",174
"Gunnel","(-Inf,3]","Winter","300",288
"Gunnel","(-Inf,3]","Winter","330",219
"Hourglass","(9, Inf]","Summer","0",132
"Hourglass","(9, Inf]","Summer","30",151
"Hourglass","(9, Inf]","Summer","60",235
"Hourglass","(9, Inf]","Summer","90",299
"Hourglass","(9, Inf]","Summer","120",73
"Hourglass","(9, Inf]","Summer","150",41
"Hourglass","(9, Inf]","Summer","180",702
"Hourglass","(9, Inf]","Summer","210",3026
"Hourglass","(9, Inf]","Summer","240",3917
"Hourglass","(9, Inf]","Summer","270",1334
"Hourglass","(9, Inf]","Summer","300",319
"Hourglass","(9, Inf]","Summer","330",187
"Hourglass","(9, Inf]","Winter","0",173
"Hourglass","(9, Inf]","Winter","30",254
"Hourglass","(9, Inf]","Winter","60",136
"Hourglass","(9, Inf]","Winter","90",90
"Hourglass","(9, Inf]","Winter","120",42
"Hourglass","(9, Inf]","Winter","150",70
"Hourglass","(9, Inf]","Winter","180",1230
"Hourglass","(9, Inf]","Winter","210",3852
"Hourglass","(9, Inf]","Winter","240",5354
"Hourglass","(9, Inf]","Winter","270",1531
"Hourglass","(9, Inf]","Winter","300",319
"Hourglass","(9, Inf]","Winter","330",306
"Hourglass","(6,9]","Summer","0",192
"Hourglass","(6,9]","Summer","30",223
"Hourglass","(6,9]","Summer","60",299
"Hourglass","(6,9]","Summer","90",284
"Hourglass","(6,9]","Summer","120",166
"Hourglass","(6,9]","Summer","150",125
"Hourglass","(6,9]","Summer","180",718
"Hourglass","(6,9]","Summer","210",1196
"Hourglass","(6,9]","Summer","240",1610
"Hourglass","(6,9]","Summer","270",772
"Hourglass","(6,9]","Summer","300",363
"Hourglass","(6,9]","Summer","330",317
"Hourglass","(6,9]","Winter","0",392
"Hourglass","(6,9]","Winter","30",322
"Hourglass","(6,9]","Winter","60",197
"Hourglass","(6,9]","Winter","90",154
"Hourglass","(6,9]","Winter","120",119
"Hourglass","(6,9]","Winter","150",155
"Hourglass","(6,9]","Winter","180",655
"Hourglass","(6,9]","Winter","210",980
"Hourglass","(6,9]","Winter","240",1345
"Hourglass","(6,9]","Winter","270",520
"Hourglass","(6,9]","Winter","300",275
"Hourglass","(6,9]","Winter","330",448
"Hourglass","(3,6]","Summer","0",215
"Hourglass","(3,6]","Summer","30",251
"Hourglass","(3,6]","Summer","60",329
"Hourglass","(3,6]","Summer","90",312
"Hourglass","(3,6]","Summer","120",292
"Hourglass","(3,6]","Summer","150",251
"Hourglass","(3,6]","Summer","180",621
"Hourglass","(3,6]","Summer","210",1159
"Hourglass","(3,6]","Summer","240",1527
"Hourglass","(3,6]","Summer","270",629
"Hourglass","(3,6]","Summer","300",385
"Hourglass","(3,6]","Summer","330",347
"Hourglass","(3,6]","Winter","0",628
"Hourglass","(3,6]","Winter","30",419
"Hourglass","(3,6]","Winter","60",303
"Hourglass","(3,6]","Winter","90",306
"Hourglass","(3,6]","Winter","120",335
"Hourglass","(3,6]","Winter","150",382
"Hourglass","(3,6]","Winter","180",701
"Hourglass","(3,6]","Winter","210",1078
"Hourglass","(3,6]","Winter","240",1204
"Hourglass","(3,6]","Winter","270",473
"Hourglass","(3,6]","Winter","300",294
"Hourglass","(3,6]","Winter","330",581
"Hourglass","(-Inf,3]","Summer","0",352
"Hourglass","(-Inf,3]","Summer","30",353
"Hourglass","(-Inf,3]","Summer","60",431
"Hourglass","(-Inf,3]","Summer","90",436
"Hourglass","(-Inf,3]","Summer","120",552
"Hourglass","(-Inf,3]","Summer","150",487
"Hourglass","(-Inf,3]","Summer","180",755
"Hourglass","(-Inf,3]","Summer","210",1367
"Hourglass","(-Inf,3]","Summer","240",1141
"Hourglass","(-Inf,3]","Summer","270",628
"Hourglass","(-Inf,3]","Summer","300",467
"Hourglass","(-Inf,3]","Summer","330",418
"Hourglass","(-Inf,3]","Winter","0",980
"Hourglass","(-Inf,3]","Winter","30",1103
"Hourglass","(-Inf,3]","Winter","60",845
"Hourglass","(-Inf,3]","Winter","90",737
"Hourglass","(-Inf,3]","Winter","120",989
"Hourglass","(-Inf,3]","Winter","150",918
"Hourglass","(-Inf,3]","Winter","180",1329
"Hourglass","(-Inf,3]","Winter","210",1675
"Hourglass","(-Inf,3]","Winter","240",1213
"Hourglass","(-Inf,3]","Winter","270",783
"Hourglass","(-Inf,3]","Winter","300",837
"Hourglass","(-Inf,3]","Winter","330",898
"Hudson Bay Mountain","(9, Inf]","Summer","0",544
"Hudson Bay Mountain","(9, Inf]","Summer","30",681
"Hudson Bay Mountain","(9, Inf]","Summer","60",450
"Hudson Bay Mountain","(9, Inf]","Summer","90",402
"Hudson Bay Mountain","(9, Inf]","Summer","120",287
"Hudson Bay Mountain","(9, Inf]","Summer","150",215
"Hudson Bay Mountain","(9, Inf]","Summer","180",811
"Hudson Bay Mountain","(9, Inf]","Summer","210",1476
"Hudson Bay Mountain","(9, Inf]","Summer","240",1440
"Hudson Bay Mountain","(9, Inf]","Summer","270",2421
"Hudson Bay Mountain","(9, Inf]","Summer","300",1566
"Hudson Bay Mountain","(9, Inf]","Summer","330",293
"Hudson Bay Mountain","(9, Inf]","Winter","0",572
"Hudson Bay Mountain","(9, Inf]","Winter","30",811
"Hudson Bay Mountain","(9, Inf]","Winter","60",970
"Hudson Bay Mountain","(9, Inf]","Winter","90",1001
"Hudson Bay Mountain","(9, Inf]","Winter","120",858
"Hudson Bay Mountain","(9, Inf]","Winter","150",445
"Hudson Bay Mountain","(9, Inf]","Winter","180",1092
"Hudson Bay Mountain","(9, Inf]","Winter","210",2548
"Hudson Bay Mountain","(9, Inf]","Winter","240",2574
"Hudson Bay Mountain","(9, Inf]","Winter","270",2867
"Hudson Bay Mountain","(9, Inf]","Winter","300",1096
"Hudson Bay Mountain","(9, Inf]","Winter","330",213
"Hudson Bay Mountain","(6,9]","Summer","0",88
"Hudson Bay Mountain","(6,9]","Summer","30",152
"Hudson Bay Mountain","(6,9]","Summer","60",125
"Hudson Bay Mountain","(6,9]","Summer","90",108
"Hudson Bay Mountain","(6,9]","Summer","120",133
"Hudson Bay Mountain","(6,9]","Summer","150",106
"Hudson Bay Mountain","(6,9]","Summer","180",139
"Hudson Bay Mountain","(6,9]","Summer","210",206
"Hudson Bay Mountain","(6,9]","Summer","240",116
"Hudson Bay Mountain","(6,9]","Summer","270",73
"Hudson Bay Mountain","(6,9]","Summer","300",62
"Hudson Bay Mountain","(6,9]","Summer","330",75
"Hudson Bay Mountain","(6,9]","Winter","0",105
"Hudson Bay Mountain","(6,9]","Winter","30",132
"Hudson Bay Mountain","(6,9]","Winter","60",148
"Hudson Bay Mountain","(6,9]","Winter","90",203
"Hudson Bay Mountain","(6,9]","Winter","120",191
"Hudson Bay Mountain","(6,9]","Winter","150",160
"Hudson Bay Mountain","(6,9]","Winter","180",173
"Hudson Bay Mountain","(6,9]","Winter","210",296
"Hudson Bay Mountain","(6,9]","Winter","240",245
"Hudson Bay Mountain","(6,9]","Winter","270",143
"Hudson Bay Mountain","(6,9]","Winter","300",71
"Hudson Bay Mountain","(6,9]","Winter","330",65
"Hudson Bay Mountain","(3,6]","Summer","0",92
"Hudson Bay Mountain","(3,6]","Summer","30",118
"Hudson Bay Mountain","(3,6]","Summer","60",109
"Hudson Bay Mountain","(3,6]","Summer","90",97
"Hudson Bay Mountain","(3,6]","Summer","120",101
"Hudson Bay Mountain","(3,6]","Summer","150",76
"Hudson Bay Mountain","(3,6]","Summer","180",101
"Hudson Bay Mountain","(3,6]","Summer","210",120
"Hudson Bay Mountain","(3,6]","Summer","240",104
"Hudson Bay Mountain","(3,6]","Summer","270",70
"Hudson Bay Mountain","(3,6]","Summer","300",53
"Hudson Bay Mountain","(3,6]","Summer","330",70
"Hudson Bay Mountain","(3,6]","Winter","0",95
"Hudson Bay Mountain","(3,6]","Winter","30",116
"Hudson Bay Mountain","(3,6]","Winter","60",172
"Hudson Bay Mountain","(3,6]","Winter","90",157
"Hudson Bay Mountain","(3,6]","Winter","120",153
"Hudson Bay Mountain","(3,6]","Winter","150",109
"Hudson Bay Mountain","(3,6]","Winter","180",113
"Hudson Bay Mountain","(3,6]","Winter","210",161
"Hudson Bay Mountain","(3,6]","Winter","240",162
"Hudson Bay Mountain","(3,6]","Winter","270",110
"Hudson Bay Mountain","(3,6]","Winter","300",81
"Hudson Bay Mountain","(3,6]","Winter","330",86
"Hudson Bay Mountain","(-Inf,3]","Summer","0",43
"Hudson Bay Mountain","(-Inf,3]","Summer","30",38
"Hudson Bay Mountain","(-Inf,3]","Summer","60",51
"Hudson Bay Mountain","(-Inf,3]","Summer","90",45
"Hudson Bay Mountain","(-Inf,3]","Summer","120",47
"Hudson Bay Mountain","(-Inf,3]","Summer","150",55
"Hudson Bay Mountain","(-Inf,3]","Summer","180",57
"Hudson Bay Mountain","(-Inf,3]","Summer","210",54
"Hudson Bay Mountain","(-Inf,3]","Summer","240",51
"Hudson Bay Mountain","(-Inf,3]","Summer","270",37
"Hudson Bay Mountain","(-Inf,3]","Summer","300",46
"Hudson Bay Mountain","(-Inf,3]","Summer","330",35
"Hudson Bay Mountain","(-Inf,3]","Winter","0",78
"Hudson Bay Mountain","(-Inf,3]","Winter","30",103
"Hudson Bay Mountain","(-Inf,3]","Winter","60",140
"Hudson Bay Mountain","(-Inf,3]","Winter","90",129
"Hudson Bay Mountain","(-Inf,3]","Winter","120",178
"Hudson Bay Mountain","(-Inf,3]","Winter","150",129
"Hudson Bay Mountain","(-Inf,3]","Winter","180",386
"Hudson Bay Mountain","(-Inf,3]","Winter","210",256
"Hudson Bay Mountain","(-Inf,3]","Winter","240",140
"Hudson Bay Mountain","(-Inf,3]","Winter","270",175
"Hudson Bay Mountain","(-Inf,3]","Winter","300",94
"Hudson Bay Mountain","(-Inf,3]","Winter","330",78
"Kluskus","(9, Inf]","Summer","0",62
"Kluskus","(9, Inf]","Summer","30",61
"Kluskus","(9, Inf]","Summer","60",10
"Kluskus","(9, Inf]","Summer","90",3
"Kluskus","(9, Inf]","Summer","120",4
"Kluskus","(9, Inf]","Summer","150",22
"Kluskus","(9, Inf]","Summer","180",10
"Kluskus","(9, Inf]","Summer","210",111
"Kluskus","(9, Inf]","Summer","240",230
"Kluskus","(9, Inf]","Summer","270",22
"Kluskus","(9, Inf]","Summer","300",2
"Kluskus","(9, Inf]","Summer","330",9
"Kluskus","(9, Inf]","Winter","0",130
"Kluskus","(9, Inf]","Winter","30",86
"Kluskus","(9, Inf]","Winter","60",7
"Kluskus","(9, Inf]","Winter","120",2
"Kluskus","(9, Inf]","Winter","150",92
"Kluskus","(9, Inf]","Winter","180",95
"Kluskus","(9, Inf]","Winter","210",858
"Kluskus","(9, Inf]","Winter","240",979
"Kluskus","(9, Inf]","Winter","270",72
"Kluskus","(9, Inf]","Winter","300",15
"Kluskus","(9, Inf]","Winter","330",7
"Kluskus","(6,9]","Summer","0",437
"Kluskus","(6,9]","Summer","30",176
"Kluskus","(6,9]","Summer","60",71
"Kluskus","(6,9]","Summer","90",44
"Kluskus","(6,9]","Summer","120",47
"Kluskus","(6,9]","Summer","150",102
"Kluskus","(6,9]","Summer","180",109
"Kluskus","(6,9]","Summer","210",440
"Kluskus","(6,9]","Summer","240",1098
"Kluskus","(6,9]","Summer","270",441
"Kluskus","(6,9]","Summer","300",94
"Kluskus","(6,9]","Summer","330",164
"Kluskus","(6,9]","Winter","0",401
"Kluskus","(6,9]","Winter","30",182
"Kluskus","(6,9]","Winter","60",38
"Kluskus","(6,9]","Winter","90",28
"Kluskus","(6,9]","Winter","120",49
"Kluskus","(6,9]","Winter","150",301
"Kluskus","(6,9]","Winter","180",308
"Kluskus","(6,9]","Winter","210",867
"Kluskus","(6,9]","Winter","240",894
"Kluskus","(6,9]","Winter","270",246
"Kluskus","(6,9]","Winter","300",88
"Kluskus","(6,9]","Winter","330",72
"Kluskus","(3,6]","Summer","0",754
"Kluskus","(3,6]","Summer","30",302
"Kluskus","(3,6]","Summer","60",206
"Kluskus","(3,6]","Summer","90",167
"Kluskus","(3,6]","Summer","120",206
"Kluskus","(3,6]","Summer","150",283
"Kluskus","(3,6]","Summer","180",237
"Kluskus","(3,6]","Summer","210",696
"Kluskus","(3,6]","Summer","240",1460
"Kluskus","(3,6]","Summer","270",923
"Kluskus","(3,6]","Summer","300",425
"Kluskus","(3,6]","Summer","330",532
"Kluskus","(3,6]","Winter","0",627
"Kluskus","(3,6]","Winter","30",299
"Kluskus","(3,6]","Winter","60",233
"Kluskus","(3,6]","Winter","90",206
"Kluskus","(3,6]","Winter","120",294
"Kluskus","(3,6]","Winter","150",663
"Kluskus","(3,6]","Winter","180",515
"Kluskus","(3,6]","Winter","210",799
"Kluskus","(3,6]","Winter","240",898
"Kluskus","(3,6]","Winter","270",446
"Kluskus","(3,6]","Winter","300",185
"Kluskus","(3,6]","Winter","330",215
"Kluskus","(-Inf,3]","Summer","0",2285
"Kluskus","(-Inf,3]","Summer","30",1244
"Kluskus","(-Inf,3]","Summer","60",816
"Kluskus","(-Inf,3]","Summer","90",712
"Kluskus","(-Inf,3]","Summer","120",850
"Kluskus","(-Inf,3]","Summer","150",1009
"Kluskus","(-Inf,3]","Summer","180",938
"Kluskus","(-Inf,3]","Summer","210",1633
"Kluskus","(-Inf,3]","Summer","240",1887
"Kluskus","(-Inf,3]","Summer","270",1622
"Kluskus","(-Inf,3]","Summer","300",1669
"Kluskus","(-Inf,3]","Summer","330",2164
"Kluskus","(-Inf,3]","Winter","0",2519
"Kluskus","(-Inf,3]","Winter","30",1593
"Kluskus","(-Inf,3]","Winter","60",1573
"Kluskus","(-Inf,3]","Winter","90",2059
"Kluskus","(-Inf,3]","Winter","120",3036
"Kluskus","(-Inf,3]","Winter","150",3032
"Kluskus","(-Inf,3]","Winter","180",2044
"Kluskus","(-Inf,3]","Winter","210",2349
"Kluskus","(-Inf,3]","Winter","240",2051
"Kluskus","(-Inf,3]","Winter","270",1368
"Kluskus","(-Inf,3]","Winter","300",1382
"Kluskus","(-Inf,3]","Winter","330",1861
"Mackenzie Junction","(9, Inf]","Summer","0",242
"Mackenzie Junction","(9, Inf]","Summer","30",214
"Mackenzie Junction","(9, Inf]","Summer","60",356
"Mackenzie Junction","(9, Inf]","Summer","90",468
"Mackenzie Junction","(9, Inf]","Summer","120",605
"Mackenzie Junction","(9, Inf]","Summer","150",978
"Mackenzie Junction","(9, Inf]","Summer","180",336
"Mackenzie Junction","(9, Inf]","Summer","210",202
"Mackenzie Junction","(9, Inf]","Summer","240",190
"Mackenzie Junction","(9, Inf]","Summer","270",375
"Mackenzie Junction","(9, Inf]","Summer","300",273
"Mackenzie Junction","(9, Inf]","Summer","330",139
"Mackenzie Junction","(9, Inf]","Winter","0",172
"Mackenzie Junction","(9, Inf]","Winter","30",86
"Mackenzie Junction","(9, Inf]","Winter","60",845
"Mackenzie Junction","(9, Inf]","Winter","90",892
"Mackenzie Junction","(9, Inf]","Winter","120",453
"Mackenzie Junction","(9, Inf]","Winter","150",587
"Mackenzie Junction","(9, Inf]","Winter","180",147
"Mackenzie Junction","(9, Inf]","Winter","210",90
"Mackenzie Junction","(9, Inf]","Winter","240",163
"Mackenzie Junction","(9, Inf]","Winter","270",1016
"Mackenzie Junction","(9, Inf]","Winter","300",513
"Mackenzie Junction","(9, Inf]","Winter","330",194
"Mackenzie Junction","(6,9]","Summer","0",225
"Mackenzie Junction","(6,9]","Summer","30",233
"Mackenzie Junction","(6,9]","Summer","60",1158
"Mackenzie Junction","(6,9]","Summer","90",1817
"Mackenzie Junction","(6,9]","Summer","120",1073
"Mackenzie Junction","(6,9]","Summer","150",1233
"Mackenzie Junction","(6,9]","Summer","180",662
"Mackenzie Junction","(6,9]","Summer","210",404
"Mackenzie Junction","(6,9]","Summer","240",510
"Mackenzie Junction","(6,9]","Summer","270",956
"Mackenzie Junction","(6,9]","Summer","300",494
"Mackenzie Junction","(6,9]","Summer","330",193
"Mackenzie Junction","(6,9]","Winter","0",128
"Mackenzie Junction","(6,9]","Winter","30",111
"Mackenzie Junction","(6,9]","Winter","60",1902
"Mackenzie Junction","(6,9]","Winter","90",2704
"Mackenzie Junction","(6,9]","Winter","120",923
"Mackenzie Junction","(6,9]","Winter","150",662
"Mackenzie Junction","(6,9]","Winter","180",239
"Mackenzie Junction","(6,9]","Winter","210",148
"Mackenzie Junction","(6,9]","Winter","240",371
"Mackenzie Junction","(6,9]","Winter","270",1287
"Mackenzie Junction","(6,9]","Winter","300",655
"Mackenzie Junction","(6,9]","Winter","330",223
"Mackenzie Junction","(3,6]","Summer","0",260
"Mackenzie Junction","(3,6]","Summer","30",280
"Mackenzie Junction","(3,6]","Summer","60",1530
"Mackenzie Junction","(3,6]","Summer","90",3604
"Mackenzie Junction","(3,6]","Summer","120",1660
"Mackenzie Junction","(3,6]","Summer","150",1217
"Mackenzie Junction","(3,6]","Summer","180",877
"Mackenzie Junction","(3,6]","Summer","210",622
"Mackenzie Junction","(3,6]","Summer","240",713
"Mackenzie Junction","(3,6]","Summer","270",981
"Mackenzie Junction","(3,6]","Summer","300",748
"Mackenzie Junction","(3,6]","Summer","330",247
"Mackenzie Junction","(3,6]","Winter","0",124
"Mackenzie Junction","(3,6]","Winter","30",121
"Mackenzie Junction","(3,6]","Winter","60",1714
"Mackenzie Junction","(3,6]","Winter","90",4678
"Mackenzie Junction","(3,6]","Winter","120",1788
"Mackenzie Junction","(3,6]","Winter","150",732
"Mackenzie Junction","(3,6]","Winter","180",480
"Mackenzie Junction","(3,6]","Winter","210",263
"Mackenzie Junction","(3,6]","Winter","240",752
"Mackenzie Junction","(3,6]","Winter","270",1340
"Mackenzie Junction","(3,6]","Winter","300",749
"Mackenzie Junction","(3,6]","Winter","330",249
"Mackenzie Junction","(-Inf,3]","Summer","0",686
"Mackenzie Junction","(-Inf,3]","Summer","30",1063
"Mackenzie Junction","(-Inf,3]","Summer","60",2888
"Mackenzie Junction","(-Inf,3]","Summer","90",5746
"Mackenzie Junction","(-Inf,3]","Summer","120",2627
"Mackenzie Junction","(-Inf,3]","Summer","150",1239
"Mackenzie Junction","(-Inf,3]","Summer","180",818
"Mackenzie Junction","(-Inf,3]","Summer","210",710
"Mackenzie Junction","(-Inf,3]","Summer","240",853
"Mackenzie Junction","(-Inf,3]","Summer","270",1245
"Mackenzie Junction","(-Inf,3]","Summer","300",896
"Mackenzie Junction","(-Inf,3]","Summer","330",502
"Mackenzie Junction","(-Inf,3]","Winter","0",653
"Mackenzie Junction","(-Inf,3]","Winter","30",1027
"Mackenzie Junction","(-Inf,3]","Winter","60",3448
"Mackenzie Junction","(-Inf,3]","Winter","90",7997
"Mackenzie Junction","(-Inf,3]","Winter","120",4670
"Mackenzie Junction","(-Inf,3]","Winter","150",1938
"Mackenzie Junction","(-Inf,3]","Winter","180",1474
"Mackenzie Junction","(-Inf,3]","Winter","210",1440
"Mackenzie Junction","(-Inf,3]","Winter","240",2702
"Mackenzie Junction","(-Inf,3]","Winter","270",3653
"Mackenzie Junction","(-Inf,3]","Winter","300",1496
"Mackenzie Junction","(-Inf,3]","Winter","330",779
"McDonnel","(9, Inf]","Summer","210",1
"McDonnel","(9, Inf]","Summer","240",7
"McDonnel","(9, Inf]","Summer","270",2
"McDonnel","(9, Inf]","Winter","30",1
"McDonnel","(9, Inf]","Winter","240",5
"McDonnel","(9, Inf]","Winter","270",4
"McDonnel","(6,9]","Summer","210",6
"McDonnel","(6,9]","Summer","240",25
"McDonnel","(6,9]","Summer","270",20
"McDonnel","(6,9]","Summer","300",3
"McDonnel","(6,9]","Winter","30",1
"McDonnel","(6,9]","Winter","60",2
"McDonnel","(6,9]","Winter","90",5
"McDonnel","(6,9]","Winter","120",7
"McDonnel","(6,9]","Winter","210",2
"McDonnel","(6,9]","Winter","240",3
"McDonnel","(6,9]","Winter","270",4
"McDonnel","(3,6]","Summer","0",26
"McDonnel","(3,6]","Summer","30",16
"McDonnel","(3,6]","Summer","60",8
"McDonnel","(3,6]","Summer","90",23
"McDonnel","(3,6]","Summer","120",29
"McDonnel","(3,6]","Summer","150",8
"McDonnel","(3,6]","Summer","180",33
"McDonnel","(3,6]","Summer","210",100
"McDonnel","(3,6]","Summer","240",148
"McDonnel","(3,6]","Summer","270",213
"McDonnel","(3,6]","Summer","300",107
"McDonnel","(3,6]","Summer","330",45
"McDonnel","(3,6]","Winter","0",13
"McDonnel","(3,6]","Winter","30",17
"McDonnel","(3,6]","Winter","60",43
"McDonnel","(3,6]","Winter","90",172
"McDonnel","(3,6]","Winter","120",55
"McDonnel","(3,6]","Winter","150",8
"McDonnel","(3,6]","Winter","180",24
"McDonnel","(3,6]","Winter","210",40
"McDonnel","(3,6]","Winter","240",33
"McDonnel","(3,6]","Winter","270",32
"McDonnel","(3,6]","Winter","300",8
"McDonnel","(3,6]","Winter","330",21
"McDonnel","(-Inf,3]","Summer","0",162
"McDonnel","(-Inf,3]","Summer","30",121
"McDonnel","(-Inf,3]","Summer","60",110
"McDonnel","(-Inf,3]","Summer","90",244
"McDonnel","(-Inf,3]","Summer","120",262
"McDonnel","(-Inf,3]","Summer","150",653
"McDonnel","(-Inf,3]","Summer","180",1159
"McDonnel","(-Inf,3]","Summer","210",714
"McDonnel","(-Inf,3]","Summer","240",491
"McDonnel","(-Inf,3]","Summer","270",475
"McDonnel","(-Inf,3]","Summer","300",276
"McDonnel","(-Inf,3]","Summer","330",218
"McDonnel","(-Inf,3]","Winter","0",246
"McDonnel","(-Inf,3]","Winter","30",140
"McDonnel","(-Inf,3]","Winter","60",180
"McDonnel","(-Inf,3]","Winter","90",400
"McDonnel","(-Inf,3]","Winter","120",386
"McDonnel","(-Inf,3]","Winter","150",514
"McDonnel","(-Inf,3]","Winter","180",997
"McDonnel","(-Inf,3]","Winter","210",776
"McDonnel","(-Inf,3]","Winter","240",416
"McDonnel","(-Inf,3]","Winter","270",578
"McDonnel","(-Inf,3]","Winter","300",289
"McDonnel","(-Inf,3]","Winter","330",290
"Middlefork Creek","(9, Inf]","Summer","0",10
"Middlefork Creek","(9, Inf]","Summer","30",15
"Middlefork Creek","(9, Inf]","Summer","60",98
"Middlefork Creek","(9, Inf]","Summer","90",1354
"Middlefork Creek","(9, Inf]","Summer","120",574
"Middlefork Creek","(9, Inf]","Summer","150",85
"Middlefork Creek","(9, Inf]","Summer","180",122
"Middlefork Creek","(9, Inf]","Summer","210",358
"Middlefork Creek","(9, Inf]","Summer","240",621
"Middlefork Creek","(9, Inf]","Summer","270",1329
"Middlefork Creek","(9, Inf]","Summer","300",863
"Middlefork Creek","(9, Inf]","Summer","330",189
"Middlefork Creek","(9, Inf]","Winter","0",3
"Middlefork Creek","(9, Inf]","Winter","30",3
"Middlefork Creek","(9, Inf]","Winter","60",306
"Middlefork Creek","(9, Inf]","Winter","90",2902
"Middlefork Creek","(9, Inf]","Winter","120",1204
"Middlefork Creek","(9, Inf]","Winter","150",144
"Middlefork Creek","(9, Inf]","Winter","180",107
"Middlefork Creek","(9, Inf]","Winter","210",225
"Middlefork Creek","(9, Inf]","Winter","240",468
"Middlefork Creek","(9, Inf]","Winter","270",2345
"Middlefork Creek","(9, Inf]","Winter","300",1809
"Middlefork Creek","(9, Inf]","Winter","330",391
"Middlefork Creek","(6,9]","Summer","0",89
"Middlefork Creek","(6,9]","Summer","30",128
"Middlefork Creek","(6,9]","Summer","60",574
"Middlefork Creek","(6,9]","Summer","90",1616
"Middlefork Creek","(6,9]","Summer","120",688
"Middlefork Creek","(6,9]","Summer","150",230
"Middlefork Creek","(6,9]","Summer","180",230
"Middlefork Creek","(6,9]","Summer","210",412
"Middlefork Creek","(6,9]","Summer","240",506
"Middlefork Creek","(6,9]","Summer","270",1433
"Middlefork Creek","(6,9]","Summer","300",1211
"Middlefork Creek","(6,9]","Summer","330",367
"Middlefork Creek","(6,9]","Winter","0",29
"Middlefork Creek","(6,9]","Winter","30",60
"Middlefork Creek","(6,9]","Winter","60",570
"Middlefork Creek","(6,9]","Winter","90",2241
"Middlefork Creek","(6,9]","Winter","120",962
"Middlefork Creek","(6,9]","Winter","150",215
"Middlefork Creek","(6,9]","Winter","180",159
"Middlefork Creek","(6,9]","Winter","210",232
"Middlefork Creek","(6,9]","Winter","240",269
"Middlefork Creek","(6,9]","Winter","270",1654
"Middlefork Creek","(6,9]","Winter","300",1525
"Middlefork Creek","(6,9]","Winter","330",322
"Middlefork Creek","(3,6]","Summer","0",301
"Middlefork Creek","(3,6]","Summer","30",343
"Middlefork Creek","(3,6]","Summer","60",914
"Middlefork Creek","(3,6]","Summer","90",1384
"Middlefork Creek","(3,6]","Summer","120",1359
"Middlefork Creek","(3,6]","Summer","150",425
"Middlefork Creek","(3,6]","Summer","180",293
"Middlefork Creek","(3,6]","Summer","210",348
"Middlefork Creek","(3,6]","Summer","240",556
"Middlefork Creek","(3,6]","Summer","270",1411
"Middlefork Creek","(3,6]","Summer","300",1603
"Middlefork Creek","(3,6]","Summer","330",942
"Middlefork Creek","(3,6]","Winter","0",158
"Middlefork Creek","(3,6]","Winter","30",191
"Middlefork Creek","(3,6]","Winter","60",927
"Middlefork Creek","(3,6]","Winter","90",1838
"Middlefork Creek","(3,6]","Winter","120",1751
"Middlefork Creek","(3,6]","Winter","150",409
"Middlefork Creek","(3,6]","Winter","180",196
"Middlefork Creek","(3,6]","Winter","210",222
"Middlefork Creek","(3,6]","Winter","240",335
"Middlefork Creek","(3,6]","Winter","270",1654
"Middlefork Creek","(3,6]","Winter","300",2120
"Middlefork Creek","(3,6]","Winter","330",793
"Middlefork Creek","(-Inf,3]","Summer","0",1812
"Middlefork Creek","(-Inf,3]","Summer","30",1257
"Middlefork Creek","(-Inf,3]","Summer","60",1801
"Middlefork Creek","(-Inf,3]","Summer","90",1974
"Middlefork Creek","(-Inf,3]","Summer","120",1827
"Middlefork Creek","(-Inf,3]","Summer","150",578
"Middlefork Creek","(-Inf,3]","Summer","180",321
"Middlefork Creek","(-Inf,3]","Summer","210",513
"Middlefork Creek","(-Inf,3]","Summer","240",1220
"Middlefork Creek","(-Inf,3]","Summer","270",3736
"Middlefork Creek","(-Inf,3]","Summer","300",5334
"Middlefork Creek","(-Inf,3]","Summer","330",3310
"Middlefork Creek","(-Inf,3]","Winter","0",1922
"Middlefork Creek","(-Inf,3]","Winter","30",1213
"Middlefork Creek","(-Inf,3]","Winter","60",2986
"Middlefork Creek","(-Inf,3]","Winter","90",3859
"Middlefork Creek","(-Inf,3]","Winter","120",2812
"Middlefork Creek","(-Inf,3]","Winter","150",819
"Middlefork Creek","(-Inf,3]","Winter","180",406
"Middlefork Creek","(-Inf,3]","Winter","210",528
"Middlefork Creek","(-Inf,3]","Winter","240",1689
"Middlefork Creek","(-Inf,3]","Winter","270",7648
"Middlefork Creek","(-Inf,3]","Winter","300",10347
"Middlefork Creek","(-Inf,3]","Winter","330",5097
"Nonda","(9, Inf]","Summer","0",277
"Nonda","(9, Inf]","Summer","30",224
"Nonda","(9, Inf]","Summer","60",832
"Nonda","(9, Inf]","Summer","90",724
"Nonda","(9, Inf]","Summer","120",1039
"Nonda","(9, Inf]","Summer","150",2059
"Nonda","(9, Inf]","Summer","180",1119
"Nonda","(9, Inf]","Summer","210",1975
"Nonda","(9, Inf]","Summer","240",6303
"Nonda","(9, Inf]","Summer","270",4876
"Nonda","(9, Inf]","Summer","300",938
"Nonda","(9, Inf]","Summer","330",1456
"Nonda","(9, Inf]","Winter","0",128
"Nonda","(9, Inf]","Winter","30",79
"Nonda","(9, Inf]","Winter","60",336
"Nonda","(9, Inf]","Winter","90",376
"Nonda","(9, Inf]","Winter","120",1178
"Nonda","(9, Inf]","Winter","150",4109
"Nonda","(9, Inf]","Winter","180",2536
"Nonda","(9, Inf]","Winter","210",5847
"Nonda","(9, Inf]","Winter","240",9619
"Nonda","(9, Inf]","Winter","270",3830
"Nonda","(9, Inf]","Winter","300",700
"Nonda","(9, Inf]","Winter","330",1283
"Nonda","(6,9]","Summer","0",156
"Nonda","(6,9]","Summer","30",152
"Nonda","(6,9]","Summer","60",160
"Nonda","(6,9]","Summer","90",186
"Nonda","(6,9]","Summer","120",284
"Nonda","(6,9]","Summer","150",653
"Nonda","(6,9]","Summer","180",340
"Nonda","(6,9]","Summer","210",222
"Nonda","(6,9]","Summer","240",297
"Nonda","(6,9]","Summer","270",263
"Nonda","(6,9]","Summer","300",166
"Nonda","(6,9]","Summer","330",207
"Nonda","(6,9]","Winter","0",80
"Nonda","(6,9]","Winter","30",62
"Nonda","(6,9]","Winter","60",83
"Nonda","(6,9]","Winter","90",95
"Nonda","(6,9]","Winter","120",362
"Nonda","(6,9]","Winter","150",1131
"Nonda","(6,9]","Winter","180",495
"Nonda","(6,9]","Winter","210",314
"Nonda","(6,9]","Winter","240",411
"Nonda","(6,9]","Winter","270",282
"Nonda","(6,9]","Winter","300",178
"Nonda","(6,9]","Winter","330",264
"Nonda","(3,6]","Summer","0",96
"Nonda","(3,6]","Summer","30",108
"Nonda","(3,6]","Summer","60",123
"Nonda","(3,6]","Summer","90",108
"Nonda","(3,6]","Summer","120",143
"Nonda","(3,6]","Summer","150",317
"Nonda","(3,6]","Summer","180",206
"Nonda","(3,6]","Summer","210",121
"Nonda","(3,6]","Summer","240",176
"Nonda","(3,6]","Summer","270",214
"Nonda","(3,6]","Summer","300",110
"Nonda","(3,6]","Summer","330",126
"Nonda","(3,6]","Winter","0",84
"Nonda","(3,6]","Winter","30",53
"Nonda","(3,6]","Winter","60",79
"Nonda","(3,6]","Winter","90",95
"Nonda","(3,6]","Winter","120",251
"Nonda","(3,6]","Winter","150",659
"Nonda","(3,6]","Winter","180",320
"Nonda","(3,6]","Winter","210",227
"Nonda","(3,6]","Winter","240",337
"Nonda","(3,6]","Winter","270",223
"Nonda","(3,6]","Winter","300",146
"Nonda","(3,6]","Winter","330",180
"Nonda","(-Inf,3]","Summer","0",64
"Nonda","(-Inf,3]","Summer","30",98
"Nonda","(-Inf,3]","Summer","60",121
"Nonda","(-Inf,3]","Summer","90",85
"Nonda","(-Inf,3]","Summer","120",171
"Nonda","(-Inf,3]","Summer","150",370
"Nonda","(-Inf,3]","Summer","180",149
"Nonda","(-Inf,3]","Summer","210",144
"Nonda","(-Inf,3]","Summer","240",304
"Nonda","(-Inf,3]","Summer","270",323
"Nonda","(-Inf,3]","Summer","300",158
"Nonda","(-Inf,3]","Summer","330",191
"Nonda","(-Inf,3]","Winter","0",106
"Nonda","(-Inf,3]","Winter","30",115
"Nonda","(-Inf,3]","Winter","60",134
"Nonda","(-Inf,3]","Winter","90",165
"Nonda","(-Inf,3]","Winter","120",559
"Nonda","(-Inf,3]","Winter","150",1417
"Nonda","(-Inf,3]","Winter","180",386
"Nonda","(-Inf,3]","Winter","210",413
"Nonda","(-Inf,3]","Winter","240",531
"Nonda","(-Inf,3]","Winter","270",306
"Nonda","(-Inf,3]","Winter","300",234
"Nonda","(-Inf,3]","Winter","330",305
"North Fraser","(9, Inf]","Summer","0",3
"North Fraser","(9, Inf]","Summer","60",1
"North Fraser","(9, Inf]","Summer","240",6
"North Fraser","(9, Inf]","Summer","270",1
"North Fraser","(9, Inf]","Summer","330",5
"North Fraser","(9, Inf]","Winter","240",1
"North Fraser","(9, Inf]","Winter","330",1
"North Fraser","(6,9]","Summer","0",15
"North Fraser","(6,9]","Summer","30",1
"North Fraser","(6,9]","Summer","60",20
"North Fraser","(6,9]","Summer","90",9
"North Fraser","(6,9]","Summer","120",1
"North Fraser","(6,9]","Summer","180",13
"North Fraser","(6,9]","Summer","210",28
"North Fraser","(6,9]","Summer","240",68
"North Fraser","(6,9]","Summer","270",25
"North Fraser","(6,9]","Summer","300",12
"North Fraser","(6,9]","Summer","330",19
"North Fraser","(6,9]","Winter","60",3
"North Fraser","(6,9]","Winter","90",1
"North Fraser","(6,9]","Winter","180",1
"North Fraser","(6,9]","Winter","210",5
"North Fraser","(6,9]","Winter","240",11
"North Fraser","(3,6]","Summer","0",25
"North Fraser","(3,6]","Summer","30",33
"North Fraser","(3,6]","Summer","60",143
"North Fraser","(3,6]","Summer","90",117
"North Fraser","(3,6]","Summer","120",88
"North Fraser","(3,6]","Summer","150",57
"North Fraser","(3,6]","Summer","180",75
"North Fraser","(3,6]","Summer","210",114
"North Fraser","(3,6]","Summer","240",108
"North Fraser","(3,6]","Summer","270",73
"North Fraser","(3,6]","Summer","300",53
"North Fraser","(3,6]","Summer","330",38
"North Fraser","(3,6]","Winter","0",1
"North Fraser","(3,6]","Winter","30",4
"North Fraser","(3,6]","Winter","60",68
"North Fraser","(3,6]","Winter","90",39
"North Fraser","(3,6]","Winter","120",10
"North Fraser","(3,6]","Winter","150",8
"North Fraser","(3,6]","Winter","180",8
"North Fraser","(3,6]","Winter","210",13
"North Fraser","(3,6]","Winter","240",5
"North Fraser","(3,6]","Winter","270",5
"North Fraser","(3,6]","Winter","300",12
"North Fraser","(3,6]","Winter","330",1
"North Fraser","(-Inf,3]","Summer","0",40
"North Fraser","(-Inf,3]","Summer","30",329
"North Fraser","(-Inf,3]","Summer","60",415
"North Fraser","(-Inf,3]","Summer","90",230
"North Fraser","(-Inf,3]","Summer","120",94
"North Fraser","(-Inf,3]","Summer","150",67
"North Fraser","(-Inf,3]","Summer","180",55
"North Fraser","(-Inf,3]","Summer","210",61
"North Fraser","(-Inf,3]","Summer","240",52
"North Fraser","(-Inf,3]","Summer","270",37
"North Fraser","(-Inf,3]","Summer","300",28
"North Fraser","(-Inf,3]","Summer","330",22
"North Fraser","(-Inf,3]","Winter","0",10
"North Fraser","(-Inf,3]","Winter","30",36
"North Fraser","(-Inf,3]","Winter","60",61
"North Fraser","(-Inf,3]","Winter","90",48
"North Fraser","(-Inf,3]","Winter","120",19
"North Fraser","(-Inf,3]","Winter","150",11
"North Fraser","(-Inf,3]","Winter","180",14
"North Fraser","(-Inf,3]","Winter","210",11
"North Fraser","(-Inf,3]","Winter","240",12
"North Fraser","(-Inf,3]","Winter","270",7
"North Fraser","(-Inf,3]","Winter","300",10
"North Fraser","(-Inf,3]","Winter","330",7
"Pink Mountain","(9, Inf]","Summer","0",1064
"Pink Mountain","(9, Inf]","Summer","30",1292
"Pink Mountain","(9, Inf]","Summer","60",1274
"Pink Mountain","(9, Inf]","Summer","90",1016
"Pink Mountain","(9, Inf]","Summer","120",1013
"Pink Mountain","(9, Inf]","Summer","150",565
"Pink Mountain","(9, Inf]","Summer","180",616
"Pink Mountain","(9, Inf]","Summer","210",2593
"Pink Mountain","(9, Inf]","Summer","240",4193
"Pink Mountain","(9, Inf]","Summer","270",1615
"Pink Mountain","(9, Inf]","Summer","300",917
"Pink Mountain","(9, Inf]","Summer","330",929
"Pink Mountain","(9, Inf]","Winter","0",1352
"Pink Mountain","(9, Inf]","Winter","30",1593
"Pink Mountain","(9, Inf]","Winter","60",1254
"Pink Mountain","(9, Inf]","Winter","90",682
"Pink Mountain","(9, Inf]","Winter","120",563
"Pink Mountain","(9, Inf]","Winter","150",731
"Pink Mountain","(9, Inf]","Winter","180",1284
"Pink Mountain","(9, Inf]","Winter","210",4644
"Pink Mountain","(9, Inf]","Winter","240",6419
"Pink Mountain","(9, Inf]","Winter","270",2160
"Pink Mountain","(9, Inf]","Winter","300",1157
"Pink Mountain","(9, Inf]","Winter","330",1468
"Pink Mountain","(6,9]","Summer","0",142
"Pink Mountain","(6,9]","Summer","30",219
"Pink Mountain","(6,9]","Summer","60",227
"Pink Mountain","(6,9]","Summer","90",168
"Pink Mountain","(6,9]","Summer","120",130
"Pink Mountain","(6,9]","Summer","150",97
"Pink Mountain","(6,9]","Summer","180",113
"Pink Mountain","(6,9]","Summer","210",262
"Pink Mountain","(6,9]","Summer","240",415
"Pink Mountain","(6,9]","Summer","270",273
"Pink Mountain","(6,9]","Summer","300",96
"Pink Mountain","(6,9]","Summer","330",106
"Pink Mountain","(6,9]","Winter","0",134
"Pink Mountain","(6,9]","Winter","30",139
"Pink Mountain","(6,9]","Winter","60",186
"Pink Mountain","(6,9]","Winter","90",116
"Pink Mountain","(6,9]","Winter","120",94
"Pink Mountain","(6,9]","Winter","150",105
"Pink Mountain","(6,9]","Winter","180",80
"Pink Mountain","(6,9]","Winter","210",225
"Pink Mountain","(6,9]","Winter","240",385
"Pink Mountain","(6,9]","Winter","270",276
"Pink Mountain","(6,9]","Winter","300",115
"Pink Mountain","(6,9]","Winter","330",104
"Pink Mountain","(3,6]","Summer","0",66
"Pink Mountain","(3,6]","Summer","30",92
"Pink Mountain","(3,6]","Summer","60",110
"Pink Mountain","(3,6]","Summer","90",76
"Pink Mountain","(3,6]","Summer","120",66
"Pink Mountain","(3,6]","Summer","150",60
"Pink Mountain","(3,6]","Summer","180",60
"Pink Mountain","(3,6]","Summer","210",122
"Pink Mountain","(3,6]","Summer","240",188
"Pink Mountain","(3,6]","Summer","270",162
"Pink Mountain","(3,6]","Summer","300",84
"Pink Mountain","(3,6]","Summer","330",55
"Pink Mountain","(3,6]","Winter","0",90
"Pink Mountain","(3,6]","Winter","30",88
"Pink Mountain","(3,6]","Winter","60",92
"Pink Mountain","(3,6]","Winter","90",81
"Pink Mountain","(3,6]","Winter","120",74
"Pink Mountain","(3,6]","Winter","150",79
"Pink Mountain","(3,6]","Winter","180",85
"Pink Mountain","(3,6]","Winter","210",143
"Pink Mountain","(3,6]","Winter","240",246
"Pink Mountain","(3,6]","Winter","270",219
"Pink Mountain","(3,6]","Winter","300",117
"Pink Mountain","(3,6]","Winter","330",99
"Pink Mountain","(-Inf,3]","Summer","0",41
"Pink Mountain","(-Inf,3]","Summer","30",71
"Pink Mountain","(-Inf,3]","Summer","60",20
"Pink Mountain","(-Inf,3]","Summer","90",14
"Pink Mountain","(-Inf,3]","Summer","120",24
"Pink Mountain","(-Inf,3]","Summer","150",24
"Pink Mountain","(-Inf,3]","Summer","180",22
"Pink Mountain","(-Inf,3]","Summer","210",39
"Pink Mountain","(-Inf,3]","Summer","240",62
"Pink Mountain","(-Inf,3]","Summer","270",61
"Pink Mountain","(-Inf,3]","Summer","300",40
"Pink Mountain","(-Inf,3]","Summer","330",40
"Pink Mountain","(-Inf,3]","Winter","0",113
"Pink Mountain","(-Inf,3]","Winter","30",73
"Pink Mountain","(-Inf,3]","Winter","60",53
"Pink Mountain","(-Inf,3]","Winter","90",43
"Pink Mountain","(-Inf,3]","Winter","120",52
"Pink Mountain","(-Inf,3]","Winter","150",49
"Pink Mountain","(-Inf,3]","Winter","180",86
"Pink Mountain","(-Inf,3]","Winter","210",119
"Pink Mountain","(-Inf,3]","Winter","240",190
"Pink Mountain","(-Inf,3]","Winter","270",146
"Pink Mountain","(-Inf,3]","Winter","300",78
"Pink Mountain","(-Inf,3]","Winter","330",81
"Saxton Lake","(9, Inf]","Summer","0",6
"Saxton Lake","(9, Inf]","Summer","30",16
"Saxton Lake","(9, Inf]","Summer","60",911
"Saxton Lake","(9, Inf]","Summer","90",4753
"Saxton Lake","(9, Inf]","Summer","120",552
"Saxton Lake","(9, Inf]","Summer","150",116
"Saxton Lake","(9, Inf]","Summer","180",6
"Saxton Lake","(9, Inf]","Summer","210",14
"Saxton Lake","(9, Inf]","Summer","240",199
"Saxton Lake","(9, Inf]","Summer","270",3755
"Saxton Lake","(9, Inf]","Summer","300",667
"Saxton Lake","(9, Inf]","Summer","330",57
"Saxton Lake","(9, Inf]","Winter","0",34
"Saxton Lake","(9, Inf]","Winter","30",103
"Saxton Lake","(9, Inf]","Winter","60",614
"Saxton Lake","(9, Inf]","Winter","90",2174
"Saxton Lake","(9, Inf]","Winter","120",1983
"Saxton Lake","(9, Inf]","Winter","150",1159
"Saxton Lake","(9, Inf]","Winter","180",34
"Saxton Lake","(9, Inf]","Winter","210",35
"Saxton Lake","(9, Inf]","Winter","240",272
"Saxton Lake","(9, Inf]","Winter","270",2755
"Saxton Lake","(9, Inf]","Winter","300",2289
"Saxton Lake","(9, Inf]","Winter","330",661
"Saxton Lake","(6,9]","Summer","0",74
"Saxton Lake","(6,9]","Summer","30",98
"Saxton Lake","(6,9]","Summer","60",1338
"Saxton Lake","(6,9]","Summer","90",3055
"Saxton Lake","(6,9]","Summer","120",1152
"Saxton Lake","(6,9]","Summer","150",200
"Saxton Lake","(6,9]","Summer","180",72
"Saxton Lake","(6,9]","Summer","210",95
"Saxton Lake","(6,9]","Summer","240",670
"Saxton Lake","(6,9]","Summer","270",2412
"Saxton Lake","(6,9]","Summer","300",1102
"Saxton Lake","(6,9]","Summer","330",194
"Saxton Lake","(6,9]","Winter","0",135
"Saxton Lake","(6,9]","Winter","30",188
"Saxton Lake","(6,9]","Winter","60",671
"Saxton Lake","(6,9]","Winter","90",1929
"Saxton Lake","(6,9]","Winter","120",1886
"Saxton Lake","(6,9]","Winter","150",575
"Saxton Lake","(6,9]","Winter","180",106
"Saxton Lake","(6,9]","Winter","210",165
"Saxton Lake","(6,9]","Winter","240",480
"Saxton Lake","(6,9]","Winter","270",2304
"Saxton Lake","(6,9]","Winter","300",2027
"Saxton Lake","(6,9]","Winter","330",493
"Saxton Lake","(3,6]","Summer","0",287
"Saxton Lake","(3,6]","Summer","30",393
"Saxton Lake","(3,6]","Summer","60",1149
"Saxton Lake","(3,6]","Summer","90",2206
"Saxton Lake","(3,6]","Summer","120",1677
"Saxton Lake","(3,6]","Summer","150",410
"Saxton Lake","(3,6]","Summer","180",220
"Saxton Lake","(3,6]","Summer","210",283
"Saxton Lake","(3,6]","Summer","240",775
"Saxton Lake","(3,6]","Summer","270",2518
"Saxton Lake","(3,6]","Summer","300",1623
"Saxton Lake","(3,6]","Summer","330",397
"Saxton Lake","(3,6]","Winter","0",330
"Saxton Lake","(3,6]","Winter","30",361
"Saxton Lake","(3,6]","Winter","60",958
"Saxton Lake","(3,6]","Winter","90",2708
"Saxton Lake","(3,6]","Winter","120",2596
"Saxton Lake","(3,6]","Winter","150",732
"Saxton Lake","(3,6]","Winter","180",264
"Saxton Lake","(3,6]","Winter","210",388
"Saxton Lake","(3,6]","Winter","240",944
"Saxton Lake","(3,6]","Winter","270",3124
"Saxton Lake","(3,6]","Winter","300",2024
"Saxton Lake","(3,6]","Winter","330",510
"Saxton Lake","(-Inf,3]","Summer","0",428
"Saxton Lake","(-Inf,3]","Summer","30",504
"Saxton Lake","(-Inf,3]","Summer","60",1248
"Saxton Lake","(-Inf,3]","Summer","90",3198
"Saxton Lake","(-Inf,3]","Summer","120",3908
"Saxton Lake","(-Inf,3]","Summer","150",701
"Saxton Lake","(-Inf,3]","Summer","180",388
"Saxton Lake","(-Inf,3]","Summer","210",541
"Saxton Lake","(-Inf,3]","Summer","240",1259
"Saxton Lake","(-Inf,3]","Summer","270",3429
"Saxton Lake","(-Inf,3]","Summer","300",1990
"Saxton Lake","(-Inf,3]","Summer","330",610
"Saxton Lake","(-Inf,3]","Winter","0",742
"Saxton Lake","(-Inf,3]","Winter","30",865
"Saxton Lake","(-Inf,3]","Winter","60",2251
"Saxton Lake","(-Inf,3]","Winter","90",7781
"Saxton Lake","(-Inf,3]","Winter","120",5868
"Saxton Lake","(-Inf,3]","Winter","150",1238
"Saxton Lake","(-Inf,3]","Winter","180",791
"Saxton Lake","(-Inf,3]","Winter","210",1031
"Saxton Lake","(-Inf,3]","Winter","240",2199
"Saxton Lake","(-Inf,3]","Winter","270",6374
"Saxton Lake","(-Inf,3]","Winter","300",3197
"Saxton Lake","(-Inf,3]","Winter","330",955
"Stone Creek","(9, Inf]","Summer","0",1
"Stone Creek","(9, Inf]","Summer","120",1
"Stone Creek","(9, Inf]","Summer","150",6
"Stone Creek","(9, Inf]","Summer","180",259
"Stone Creek","(9, Inf]","Summer","210",47
"Stone Creek","(9, Inf]","Summer","240",18
"Stone Creek","(9, Inf]","Summer","270",27
"Stone Creek","(9, Inf]","Summer","300",13
"Stone Creek","(9, Inf]","Summer","330",4
"Stone Creek","(9, Inf]","Winter","180",157
"Stone Creek","(9, Inf]","Winter","210",17
"Stone Creek","(9, Inf]","Winter","240",9
"Stone Creek","(9, Inf]","Winter","270",2
"Stone Creek","(9, Inf]","Winter","300",1
"Stone Creek","(6,9]","Summer","0",31
"Stone Creek","(6,9]","Summer","30",8
"Stone Creek","(6,9]","Summer","90",2
"Stone Creek","(6,9]","Summer","120",17
"Stone Creek","(6,9]","Summer","150",7
"Stone Creek","(6,9]","Summer","180",148
"Stone Creek","(6,9]","Summer","210",94
"Stone Creek","(6,9]","Summer","240",50
"Stone Creek","(6,9]","Summer","270",58
"Stone Creek","(6,9]","Summer","300",60
"Stone Creek","(6,9]","Summer","330",59
"Stone Creek","(6,9]","Winter","0",8
"Stone Creek","(6,9]","Winter","120",3
"Stone Creek","(6,9]","Winter","150",2
"Stone Creek","(6,9]","Winter","180",39
"Stone Creek","(6,9]","Winter","210",23
"Stone Creek","(6,9]","Winter","240",9
"Stone Creek","(6,9]","Winter","270",3
"Stone Creek","(6,9]","Winter","330",1
"Stone Creek","(3,6]","Summer","0",100
"Stone Creek","(3,6]","Summer","30",42
"Stone Creek","(3,6]","Summer","60",38
"Stone Creek","(3,6]","Summer","90",163
"Stone Creek","(3,6]","Summer","120",107
"Stone Creek","(3,6]","Summer","150",54
"Stone Creek","(3,6]","Summer","180",92
"Stone Creek","(3,6]","Summer","210",65
"Stone Creek","(3,6]","Summer","240",47
"Stone Creek","(3,6]","Summer","270",73
"Stone Creek","(3,6]","Summer","300",92
"Stone Creek","(3,6]","Summer","330",141
"Stone Creek","(3,6]","Winter","0",7
"Stone Creek","(3,6]","Winter","30",2
"Stone Creek","(3,6]","Winter","60",5
"Stone Creek","(3,6]","Winter","90",2
"Stone Creek","(3,6]","Winter","120",5
"Stone Creek","(3,6]","Winter","150",10
"Stone Creek","(3,6]","Winter","180",16
"Stone Creek","(3,6]","Winter","210",9
"Stone Creek","(3,6]","Winter","240",9
"Stone Creek","(3,6]","Winter","270",5
"Stone Creek","(3,6]","Winter","300",5
"Stone Creek","(3,6]","Winter","330",18
"Stone Creek","(-Inf,3]","Summer","0",74
"Stone Creek","(-Inf,3]","Summer","30",66
"Stone Creek","(-Inf,3]","Summer","60",87
"Stone Creek","(-Inf,3]","Summer","90",150
"Stone Creek","(-Inf,3]","Summer","120",44
"Stone Creek","(-Inf,3]","Summer","150",23
"Stone Creek","(-Inf,3]","Summer","180",11
"Stone Creek","(-Inf,3]","Summer","210",16
"Stone Creek","(-Inf,3]","Summer","240",9
"Stone Creek","(-Inf,3]","Summer","270",12
"Stone Creek","(-Inf,3]","Summer","300",30
"Stone Creek","(-Inf,3]","Summer","330",49
"Stone Creek","(-Inf,3]","Winter","0",7
"Stone Creek","(-Inf,3]","Winter","30",9
"Stone Creek","(-Inf,3]","Winter","60",6
"Stone Creek","(-Inf,3]","Winter","90",3
"Stone Creek","(-Inf,3]","Winter","120",2
"Stone Creek","(-Inf,3]","Winter","150",2
"Stone Creek","(-Inf,3]","Winter","240",2
"Stone Creek","(-Inf,3]","Winter","270",3
"Stone Creek","(-Inf,3]","Winter","300",3
"Stone Creek","(-Inf,3]","Winter","330",4
"Sunbeam","(9, Inf]","Summer","0",903
"Sunbeam","(9, Inf]","Summer","30",973
"Sunbeam","(9, Inf]","Summer","60",254
"Sunbeam","(9, Inf]","Summer","90",867
"Sunbeam","(9, Inf]","Summer","120",3134
"Sunbeam","(9, Inf]","Summer","150",2435
"Sunbeam","(9, Inf]","Summer","180",1111
"Sunbeam","(9, Inf]","Summer","210",857
"Sunbeam","(9, Inf]","Summer","240",1109
"Sunbeam","(9, Inf]","Summer","270",1045
"Sunbeam","(9, Inf]","Summer","300",1384
"Sunbeam","(9, Inf]","Summer","330",2195
"Sunbeam","(9, Inf]","Winter","0",958
"Sunbeam","(9, Inf]","Winter","30",1330
"Sunbeam","(9, Inf]","Winter","60",361
"Sunbeam","(9, Inf]","Winter","90",1552
"Sunbeam","(9, Inf]","Winter","120",7011
"Sunbeam","(9, Inf]","Winter","150",4965
"Sunbeam","(9, Inf]","Winter","180",883
"Sunbeam","(9, Inf]","Winter","210",852
"Sunbeam","(9, Inf]","Winter","240",1480
"Sunbeam","(9, Inf]","Winter","270",645
"Sunbeam","(9, Inf]","Winter","300",1198
"Sunbeam","(9, Inf]","Winter","330",2440
"Sunbeam","(6,9]","Summer","0",175
"Sunbeam","(6,9]","Summer","30",137
"Sunbeam","(6,9]","Summer","60",75
"Sunbeam","(6,9]","Summer","90",167
"Sunbeam","(6,9]","Summer","120",312
"Sunbeam","(6,9]","Summer","150",281
"Sunbeam","(6,9]","Summer","180",246
"Sunbeam","(6,9]","Summer","210",243
"Sunbeam","(6,9]","Summer","240",340
"Sunbeam","(6,9]","Summer","270",454
"Sunbeam","(6,9]","Summer","300",280
"Sunbeam","(6,9]","Summer","330",205
"Sunbeam","(6,9]","Winter","0",164
"Sunbeam","(6,9]","Winter","30",97
"Sunbeam","(6,9]","Winter","60",92
"Sunbeam","(6,9]","Winter","90",189
"Sunbeam","(6,9]","Winter","120",360
"Sunbeam","(6,9]","Winter","150",338
"Sunbeam","(6,9]","Winter","180",149
"Sunbeam","(6,9]","Winter","210",181
"Sunbeam","(6,9]","Winter","240",214
"Sunbeam","(6,9]","Winter","270",222
"Sunbeam","(6,9]","Winter","300",213
"Sunbeam","(6,9]","Winter","330",267
"Sunbeam","(3,6]","Summer","0",194
"Sunbeam","(3,6]","Summer","30",167
"Sunbeam","(3,6]","Summer","60",95
"Sunbeam","(3,6]","Summer","90",129
"Sunbeam","(3,6]","Summer","120",146
"Sunbeam","(3,6]","Summer","150",136
"Sunbeam","(3,6]","Summer","180",121
"Sunbeam","(3,6]","Summer","210",134
"Sunbeam","(3,6]","Summer","240",161
"Sunbeam","(3,6]","Summer","270",299
"Sunbeam","(3,6]","Summer","300",244
"Sunbeam","(3,6]","Summer","330",175
"Sunbeam","(3,6]","Winter","0",223
"Sunbeam","(3,6]","Winter","30",132
"Sunbeam","(3,6]","Winter","60",95
"Sunbeam","(3,6]","Winter","90",154
"Sunbeam","(3,6]","Winter","120",234
"Sunbeam","(3,6]","Winter","150",214
"Sunbeam","(3,6]","Winter","180",119
"Sunbeam","(3,6]","Winter","210",120
"Sunbeam","(3,6]","Winter","240",152
"Sunbeam","(3,6]","Winter","270",216
"Sunbeam","(3,6]","Winter","300",182
"Sunbeam","(3,6]","Winter","330",193
"Sunbeam","(-Inf,3]","Summer","0",102
"Sunbeam","(-Inf,3]","Summer","30",106
"Sunbeam","(-Inf,3]","Summer","60",112
"Sunbeam","(-Inf,3]","Summer","90",131
"Sunbeam","(-Inf,3]","Summer","120",186
"Sunbeam","(-Inf,3]","Summer","150",86
"Sunbeam","(-Inf,3]","Summer","180",102
"Sunbeam","(-Inf,3]","Summer","210",80
"Sunbeam","(-Inf,3]","Summer","240",83
"Sunbeam","(-Inf,3]","Summer","270",93
"Sunbeam","(-Inf,3]","Summer","300",92
"Sunbeam","(-Inf,3]","Summer","330",111
"Sunbeam","(-Inf,3]","Winter","0",295
"Sunbeam","(-Inf,3]","Winter","30",329
"Sunbeam","(-Inf,3]","Winter","60",330
"Sunbeam","(-Inf,3]","Winter","90",762
"Sunbeam","(-Inf,3]","Winter","120",881
"Sunbeam","(-Inf,3]","Winter","150",413
"Sunbeam","(-Inf,3]","Winter","180",273
"Sunbeam","(-Inf,3]","Winter","210",366
"Sunbeam","(-Inf,3]","Winter","240",559
"Sunbeam","(-Inf,3]","Winter","270",399
"Sunbeam","(-Inf,3]","Winter","300",357
"Sunbeam","(-Inf,3]","Winter","330",317
"Thompson","(9, Inf]","Summer","0",78
"Thompson","(9, Inf]","Summer","30",24
"Thompson","(9, Inf]","Summer","60",21
"Thompson","(9, Inf]","Summer","90",54
"Thompson","(9, Inf]","Summer","120",73
"Thompson","(9, Inf]","Summer","150",259
"Thompson","(9, Inf]","Summer","180",531
"Thompson","(9, Inf]","Summer","210",528
"Thompson","(9, Inf]","Summer","240",536
"Thompson","(9, Inf]","Summer","270",798
"Thompson","(9, Inf]","Summer","300",642
"Thompson","(9, Inf]","Summer","330",980
"Thompson","(9, Inf]","Winter","0",29
"Thompson","(9, Inf]","Winter","30",35
"Thompson","(9, Inf]","Winter","60",81
"Thompson","(9, Inf]","Winter","90",180
"Thompson","(9, Inf]","Winter","120",399
"Thompson","(9, Inf]","Winter","150",682
"Thompson","(9, Inf]","Winter","180",1030
"Thompson","(9, Inf]","Winter","210",731
"Thompson","(9, Inf]","Winter","240",501
"Thompson","(9, Inf]","Winter","270",586
"Thompson","(9, Inf]","Winter","300",325
"Thompson","(9, Inf]","Winter","330",266
"Thompson","(6,9]","Summer","0",294
"Thompson","(6,9]","Summer","30",150
"Thompson","(6,9]","Summer","60",146
"Thompson","(6,9]","Summer","90",173
"Thompson","(6,9]","Summer","120",327
"Thompson","(6,9]","Summer","150",784
"Thompson","(6,9]","Summer","180",1167
"Thompson","(6,9]","Summer","210",610
"Thompson","(6,9]","Summer","240",472
"Thompson","(6,9]","Summer","270",882
"Thompson","(6,9]","Summer","300",817
"Thompson","(6,9]","Summer","330",756
"Thompson","(6,9]","Winter","0",107
"Thompson","(6,9]","Winter","30",162
"Thompson","(6,9]","Winter","60",229
"Thompson","(6,9]","Winter","90",573
"Thompson","(6,9]","Winter","120",1390
"Thompson","(6,9]","Winter","150",1829
"Thompson","(6,9]","Winter","180",1362
"Thompson","(6,9]","Winter","210",421
"Thompson","(6,9]","Winter","240",269
"Thompson","(6,9]","Winter","270",383
"Thompson","(6,9]","Winter","300",331
"Thompson","(6,9]","Winter","330",285
"Thompson","(3,6]","Summer","0",480
"Thompson","(3,6]","Summer","30",268
"Thompson","(3,6]","Summer","60",290
"Thompson","(3,6]","Summer","90",386
"Thompson","(3,6]","Summer","120",937
"Thompson","(3,6]","Summer","150",1280
"Thompson","(3,6]","Summer","180",1034
"Thompson","(3,6]","Summer","210",626
"Thompson","(3,6]","Summer","240",688
"Thompson","(3,6]","Summer","270",1003
"Thompson","(3,6]","Summer","300",1174
"Thompson","(3,6]","Summer","330",765
"Thompson","(3,6]","Winter","0",519
"Thompson","(3,6]","Winter","30",550
"Thompson","(3,6]","Winter","60",752
"Thompson","(3,6]","Winter","90",1667
"Thompson","(3,6]","Winter","120",2670
"Thompson","(3,6]","Winter","150",2056
"Thompson","(3,6]","Winter","180",1217
"Thompson","(3,6]","Winter","210",496
"Thompson","(3,6]","Winter","240",369
"Thompson","(3,6]","Winter","270",449
"Thompson","(3,6]","Winter","300",588
"Thompson","(3,6]","Winter","330",445
"Thompson","(-Inf,3]","Summer","0",896
"Thompson","(-Inf,3]","Summer","30",609
"Thompson","(-Inf,3]","Summer","60",724
"Thompson","(-Inf,3]","Summer","90",1072
"Thompson","(-Inf,3]","Summer","120",1602
"Thompson","(-Inf,3]","Summer","150",3268
"Thompson","(-Inf,3]","Summer","180",2620
"Thompson","(-Inf,3]","Summer","210",1626
"Thompson","(-Inf,3]","Summer","240",1666
"Thompson","(-Inf,3]","Summer","270",2350
"Thompson","(-Inf,3]","Summer","300",3396
"Thompson","(-Inf,3]","Summer","330",2572
"Thompson","(-Inf,3]","Winter","0",2433
"Thompson","(-Inf,3]","Winter","30",2243
"Thompson","(-Inf,3]","Winter","60",3140
"Thompson","(-Inf,3]","Winter","90",5210
"Thompson","(-Inf,3]","Winter","120",5492
"Thompson","(-Inf,3]","Winter","150",6540
"Thompson","(-Inf,3]","Winter","180",3894
"Thompson","(-Inf,3]","Winter","210",1555
"Thompson","(-Inf,3]","Winter","240",1309
"Thompson","(-Inf,3]","Winter","270",1807
"Thompson","(-Inf,3]","Winter","300",2366
"Thompson","(-Inf,3]","Winter","330",2651
"Willow-Bowron","(6,9]","Summer","30",1
"Willow-Bowron","(6,9]","Summer","60",3
"Willow-Bowron","(6,9]","Winter","0",10
"Willow-Bowron","(6,9]","Winter","270",14
"Willow-Bowron","(6,9]","Winter","300",52
"Willow-Bowron","(6,9]","Winter","330",37
"Willow-Bowron","(3,6]","Summer","0",97
"Willow-Bowron","(3,6]","Summer","30",82
"Willow-Bowron","(3,6]","Summer","60",86
"Willow-Bowron","(3,6]","Summer","90",36
"Willow-Bowron","(3,6]","Summer","120",2
"Willow-Bowron","(3,6]","Summer","210",1
"Willow-Bowron","(3,6]","Summer","240",9
"Willow-Bowron","(3,6]","Summer","270",67
"Willow-Bowron","(3,6]","Summer","300",126
"Willow-Bowron","(3,6]","Summer","330",113
"Willow-Bowron","(3,6]","Winter","0",496
"Willow-Bowron","(3,6]","Winter","30",321
"Willow-Bowron","(3,6]","Winter","60",129
"Willow-Bowron","(3,6]","Winter","90",18
"Willow-Bowron","(3,6]","Winter","120",2
"Willow-Bowron","(3,6]","Winter","180",3
"Willow-Bowron","(3,6]","Winter","210",4
"Willow-Bowron","(3,6]","Winter","240",26
"Willow-Bowron","(3,6]","Winter","270",310
"Willow-Bowron","(3,6]","Winter","300",925
"Willow-Bowron","(3,6]","Winter","330",869
"Willow-Bowron","(-Inf,3]","Summer","0",3944
"Willow-Bowron","(-Inf,3]","Summer","30",3652
"Willow-Bowron","(-Inf,3]","Summer","60",4181
"Willow-Bowron","(-Inf,3]","Summer","90",4301
"Willow-Bowron","(-Inf,3]","Summer","120",1718
"Willow-Bowron","(-Inf,3]","Summer","150",850
"Willow-Bowron","(-Inf,3]","Summer","180",903
"Willow-Bowron","(-Inf,3]","Summer","210",1103
"Willow-Bowron","(-Inf,3]","Summer","240",2031
"Willow-Bowron","(-Inf,3]","Summer","270",4215
"Willow-Bowron","(-Inf,3]","Summer","300",6904
"Willow-Bowron","(-Inf,3]","Summer","330",5041
"Willow-Bowron","(-Inf,3]","Winter","0",5776
"Willow-Bowron","(-Inf,3]","Winter","30",4822
"Willow-Bowron","(-Inf,3]","Winter","60",4196
"Willow-Bowron","(-Inf,3]","Winter","90",3343
"Willow-Bowron","(-Inf,3]","Winter","120",1638
"Willow-Bowron","(-Inf,3]","Winter","150",1038
"Willow-Bowron","(-Inf,3]","Winter","180",1290
"Willow-Bowron","(-Inf,3]","Winter","210",1354
"Willow-Bowron","(-Inf,3]","Winter","240",1456
"Willow-Bowron","(-Inf,3]","Winter","270",4104
"Willow-Bowron","(-Inf,3]","Winter","300",8509
"Willow-Bowron","(-Inf,3]","Winter","330",6533
