"Site","years","annual","Temp_avg","Temp_min","Temp_max","Rain_sum","Pressure_avg","RH_avg","DP_avg","WS_avg","WD_avg","GS_max","SR_avg"
"Atlin Monarch Mt","2010","mean",-4.83,-6.92,-2.62,1,NA,88.29,-6.61,2.55,10.38,8.16,53.84
"Atlin Monarch Mt","2010","max",8.16,5.13,11.42,24.2,-Inf,100,4.55,8.96,88.57,22.26,233.38
"Atlin Monarch Mt","2010","min",-25.57,-27.9,-23.62,0,Inf,57.69,-27.42,0,273.83,0,1.6
"Atlin Monarch Mt","2010","obs_na",0,0,0,0,136,0,0,0,0,0,0
"Atlin Monarch Mt","2011","mean",-3.44,-5.99,-0.66,0.49,NA,82.5,-6.3,2.93,8.32,8.93,122.05
"Atlin Monarch Mt","2011","max",15.61,11.22,21.22,15.6,-Inf,100,8.06,8.23,89.68,39.33,354.33
"Atlin Monarch Mt","2011","min",-32.62,-33.38,-31.85,0,Inf,32.55,-34.84,0,270.15,0,3.47
"Atlin Monarch Mt","2011","obs_na",0,0,0,0,365,0,0,0,27,0,5
"Atlin Monarch Mt","2012","mean",-3.83,-6.44,-1.02,0.45,NA,83.86,-6.38,0.18,NA,4.56,NA
"Atlin Monarch Mt","2012","max",17.05,13.31,20.98,11.4,-Inf,100,8.36,1.23,-Inf,17.07,-Inf
"Atlin Monarch Mt","2012","min",-31.38,-32.91,-29.52,0,Inf,44.5,-33.58,0,Inf,0.37,Inf
"Atlin Monarch Mt","2012","obs_na",0,0,0,0,366,0,0,320,366,320,366
"Atlin Monarch Mt","2013","mean",-0.92,-3.95,2.22,0.51,NA,78.92,-4.56,NA,NA,NA,NA
"Atlin Monarch Mt","2013","max",17.98,14.96,21.82,18,-Inf,98.65,8.98,-Inf,-Inf,-Inf,-Inf
"Atlin Monarch Mt","2013","min",-34.72,-36.15,-33.06,0,Inf,42.09,-37.13,Inf,Inf,Inf,Inf
"Atlin Monarch Mt","2013","obs_na",136,136,136,131,365,136,136,365,365,365,365
"Atlin Monarch Mt","2014","mean",NA,NA,NA,0.65,NA,NA,NA,2.14,NA,7.64,60.04
"Atlin Monarch Mt","2014","max",-Inf,-Inf,-Inf,12.4,-Inf,-Inf,-Inf,5.6,-Inf,15.77,226.71
"Atlin Monarch Mt","2014","min",Inf,Inf,Inf,0,Inf,Inf,Inf,0,Inf,0,4.93
"Atlin Monarch Mt","2014","obs_na",365,365,365,226,365,365,365,226,365,226,226
"Atlin Monarch Mt","2015","mean",NA,NA,NA,0.64,NA,NA,NA,2.58,NA,7.68,122.09
"Atlin Monarch Mt","2015","max",-Inf,-Inf,-Inf,18,-Inf,-Inf,-Inf,9.57,-Inf,20.22,361.61
"Atlin Monarch Mt","2015","min",Inf,Inf,Inf,0,Inf,Inf,Inf,0,Inf,0,4.15
"Atlin Monarch Mt","2015","obs_na",365,365,365,0,365,365,365,251,365,251,0
"Atlin Monarch Mt","2016","mean",NA,NA,NA,0.62,NA,NA,NA,NA,NA,NA,160.68
"Atlin Monarch Mt","2016","max",-Inf,-Inf,-Inf,12,-Inf,-Inf,-Inf,-Inf,-Inf,-Inf,383.07
"Atlin Monarch Mt","2016","min",Inf,Inf,Inf,0,Inf,Inf,Inf,Inf,Inf,Inf,5.7
"Atlin Monarch Mt","2016","obs_na",366,366,366,141,366,366,366,366,366,366,141
"Atlin Monarch Mt","2017","mean",-3.49,-5.73,-0.9,0.43,855.62,84.63,-5.93,2.39,39.42,8.46,64.31
"Atlin Monarch Mt","2017","max",13.61,9.09,18.34,12.6,1054.8,99.7,8.51,6.54,89.63,17.61,214.93
"Atlin Monarch Mt","2017","min",-25.76,-27.52,-24,0,803.8,39.4,-30.52,0,271.87,0,3.88
"Atlin Monarch Mt","2017","obs_na",227,227,227,227,227,227,227,227,227,227,227
"Atlin Monarch Mt","2018","mean",-1.65,-4.57,1.56,0.36,853.72,76.57,-5.74,2.41,30.82,8.43,169.21
"Atlin Monarch Mt","2018","max",18.86,14.43,22.92,10.6,870.5,98.36,8.17,7.07,88.98,21.14,395.78
"Atlin Monarch Mt","2018","min",-28.81,-30.41,-26.55,0,832.7,30.68,-30.74,0,270.24,0,5.14
"Atlin Monarch Mt","2018","obs_na",0,0,0,0,0,0,0,0,0,0,0
"Atlin School","2010","mean",-1.48,-4.75,2,0.91,NA,NA,NA,0.24,6.13,3.11,22.07
"Atlin School","2010","max",10.26,7.62,18.03,11.4,-Inf,-Inf,-Inf,0.94,86.57,6.68,109.73
"Atlin School","2010","min",-24.24,-27.58,-20.6,0,Inf,Inf,Inf,0,271.13,0.56,0.86
"Atlin School","2010","obs_na",0,0,0,0,134,134,134,0,0,0,0
"Atlin School","2011","mean",0.39,-4.09,4.94,0.47,NA,78.32,-2.11,0.38,19.96,3.7,53
"Atlin School","2011","max",18.57,11.9,27.38,11.2,-Inf,97.49,10.88,1.33,89.44,9.28,178.01
"Atlin School","2011","min",-30.27,-33.61,-26.14,0,Inf,52.43,-26.43,0,271.07,0,1.03
"Atlin School","2011","obs_na",0,0,0,0,365,208,208,0,0,0,0
"Atlin School","2012","mean",-0.47,-4.86,4.09,0.33,NA,74.73,-4.97,0.34,12.6,3.53,55.7
"Atlin School","2012","max",17.86,11.24,26.4,12,-Inf,99.27,10.31,1.05,89.38,7.24,177.81
"Atlin School","2012","min",-31.4,-34.47,-27.09,0,Inf,49.95,-34.61,0,270.84,0,0.81
"Atlin School","2012","obs_na",0,0,0,0,366,0,0,0,0,0,0
"Atlin School","2013","mean",-1.38,-5.74,3.03,0.38,NA,75.03,-5.83,0.33,8.97,3.58,46.56
"Atlin School","2013","max",18.24,12.76,26.48,38,-Inf,97.57,11.1,1.63,89.58,12.99,189.1
"Atlin School","2013","min",-29.21,-33.26,-26.67,0,Inf,40.22,-32.82,0,271.29,0,0.65
"Atlin School","2013","obs_na",59,59,59,59,365,59,59,59,59,59,59
"Atlin School","2014","mean",1.11,-3.3,5.73,0.49,NA,76.06,-3.34,0.28,13.43,3.3,55.86
"Atlin School","2014","max",17.25,13.49,24.63,14.8,-Inf,99.92,12.5,1.11,89.92,9.65,180.37
"Atlin School","2014","min",-25.55,-30.48,-21.54,0,Inf,35.31,-28.32,0,271.37,0,0.87
"Atlin School","2014","obs_na",0,0,0,0,365,0,0,0,0,0,0
"Atlin School","2015","mean",2.45,-1.64,6.77,0.51,NA,75.77,-2.07,0.34,9.33,3.3,51.28
"Atlin School","2015","max",18.8,13.43,25.77,16.2,-Inf,99.98,10.38,1.96,88.15,10.58,170
"Atlin School","2015","min",-27.3,-31.52,-24.93,0,Inf,37.79,-29.44,0,270.79,0,0.76
"Atlin School","2015","obs_na",0,0,0,0,365,0,0,0,0,0,0
"Atlin School","2016","mean",2.88,-1.05,7.07,0.46,NA,77.29,-1.3,0.27,9.48,3.25,48.67
"Atlin School","2016","max",18.75,13.53,25.77,19.4,-Inf,98.78,13.94,1,89.73,7.05,168.06
"Atlin School","2016","min",-24.74,-27.25,-20.76,0,Inf,36.8,-26.91,0,271.31,0,0.86
"Atlin School","2016","obs_na",0,0,0,0,366,0,0,0,0,0,0
"Atlin School","2017","mean",0.39,-3.93,4.89,0.38,NA,75.26,-4.06,0.34,8.97,3.36,55.42
"Atlin School","2017","max",19.8,13.44,27.04,19.2,-Inf,99.15,11.08,1.29,89.32,7.79,190.46
"Atlin School","2017","min",-27.92,-29.79,-25.61,0,Inf,35.1,-30.49,0,270.78,0,1.54
"Atlin School","2017","obs_na",0,0,0,0,365,0,0,0,0,0,0
"Atlin School","2018","mean",1.13,-3.9,6.19,0.24,NA,69.51,-4.61,0.4,8.09,3.74,70.85
"Atlin School","2018","max",20.29,14,29.95,16,-Inf,96.6,10.1,1.38,89.43,8.16,168.95
"Atlin School","2018","min",-33.58,-37.34,-29.39,0,Inf,40.27,-36.5,0,272.19,0,1.03
"Atlin School","2018","obs_na",0,0,0,0,230,0,0,0,0,0,0
"Blackhawk","2012","mean",3.67,-3.47,9.93,1.1,901.68,72.85,-1.87,1.6,8.17,8.27,126.85
"Blackhawk","2012","max",21.47,12.82,31.41,25.2,918.48,99.66,12.68,5.56,89.63,21.34,318.95
"Blackhawk","2012","min",-29.59,-34.85,-24.71,0,881.1,39.08,-31.64,0.02,270.66,1.11,4.88
"Blackhawk","2012","obs_na",1,1,1,1,1,1,1,1,1,1,1
"Blackhawk","2013","mean",2.4,-4.65,8.46,0.84,902.5,74.51,-2.47,1.71,18.41,8.6,117.16
"Blackhawk","2013","max",21.25,13.71,32.43,14.8,920.22,98.31,13.22,6.79,89.14,20.97,329.99
"Blackhawk","2013","min",-31.17,-35.79,-24.6,0,879.11,32.74,-33.32,0.09,271.37,1.48,5.19
"Blackhawk","2013","obs_na",0,0,0,0,0,0,0,0,0,0,0
"Blackhawk","2014","mean",1.62,-6.06,8.38,0.67,901.91,73.39,-3.51,1.15,12.42,7.91,123.82
"Blackhawk","2014","max",22.07,13.64,33,38.4,928.41,99.87,12.38,5.78,69.04,25.42,341.03
"Blackhawk","2014","min",-31.3,-42.32,-22.88,0,873.73,40.08,-36.16,0,286.71,0,5.35
"Blackhawk","2014","obs_na",0,0,0,0,0,0,0,0,351,0,0
"Blackhawk","2015","mean",3.06,-4,9.19,1.15,901.66,74.58,-1.84,1.11,27.78,7.96,124.8
"Blackhawk","2015","max",21.29,13.67,29.14,53.01,923.82,99.77,13.52,4.63,87.8,17.88,342.18
"Blackhawk","2015","min",-29.85,-38.01,-22.22,0,881.29,37.23,-31.76,0,280.96,0,2.22
"Blackhawk","2015","obs_na",0,0,0,0,0,0,0,0,232,0,0
"Blackhawk","2016","mean",2.71,-3.81,8.71,1.64,901.45,78.19,-1.53,0.79,20.67,6.81,118.48
"Blackhawk","2016","max",18.69,13.86,27.92,56.8,923.03,100,13.94,3.98,89.73,16.87,335.14
"Blackhawk","2016","min",-29.39,-33.53,-25.73,0,879.23,35.16,-31.34,0,270.49,0,3.05
"Blackhawk","2016","obs_na",0,0,0,0,0,0,0,0,0,0,0
"Blackhawk","2017","mean",1.74,-5.42,8.04,1.14,901.69,76.29,-2.78,0.91,22.67,7.71,122.31
"Blackhawk","2017","max",18.53,10.52,30.29,29.2,920.03,100,11.78,3.87,89.97,18.13,353.38
"Blackhawk","2017","min",-35.55,-40.06,-27.21,0,874.88,38.98,-38.1,0,270.38,0,4.2
"Blackhawk","2017","obs_na",0,0,0,0,0,0,0,0,0,0,0
"Blackhawk","2018","mean",2.74,-4.83,9.19,0.77,903.15,74.47,-2.31,0.96,25.68,7.58,138.87
"Blackhawk","2018","max",20.87,18.01,30.77,18.2,916.64,100,13.9,4.32,89.44,15.86,338.43
"Blackhawk","2018","min",-33.68,-40.71,-26.14,0,882.5,30.69,-35.87,0,271.91,0.25,4.88
"Blackhawk","2018","obs_na",0,0,0,0,0,0,0,0,0,0,0
"Boulder Creek","2010","mean",1.18,-2.8,5.13,0,962.53,85.67,-1.42,0.61,357.53,5.42,82.47
"Boulder Creek","2010","max",16.63,12.16,25.56,0,978.23,100,12.38,1.01,71.43,7.98,360.47
"Boulder Creek","2010","min",-18.3,-24.29,-12.88,0,935.37,56.02,-20.39,0.15,293.36,2.23,1.55
"Boulder Creek","2010","obs_na",101,101,99,99,99,101,101,179,179,179,101
"Boulder Creek","2011","mean",3.64,-0.63,8.35,0.36,962.96,84.69,0.82,0.35,345.55,4.06,64.02
"Boulder Creek","2011","max",19.41,14.85,27.91,11,986.87,100,15.72,1.13,89.15,10.02,287.23
"Boulder Creek","2011","min",-18.27,-26.1,-16.68,0,935,43.65,-26.88,0,291.09,0,1.54
"Boulder Creek","2011","obs_na",0,0,0,172,0,0,0,193,193,193,254
"Boulder Creek","2012","mean",1.69,-3.09,6.86,NA,961.12,79.63,-2.25,0.27,347.89,4.39,121.18
"Boulder Creek","2012","max",14.01,9.03,23.63,-Inf,982.61,100,10.53,1.06,87.84,12.06,341.4
"Boulder Creek","2012","min",-32.48,-36.46,-24.3,Inf,936.69,46.69,-35.87,0,278.62,0,3.63
"Boulder Creek","2012","obs_na",199,199,199,366,199,199,199,199,199,199,199
"Boulder Creek","2013","mean",-2.03,-4.63,0.75,1.61,968,97.92,-2.34,0.15,0.33,2.09,22.68
"Boulder Creek","2013","max",8.22,5.4,14.09,17.2,988.33,100,8,0.82,89.9,6.86,152.13
"Boulder Creek","2013","min",-21.13,-24.3,-15.36,0,947.28,78.49,-22.43,0,270.95,0,2.69
"Boulder Creek","2013","obs_na",289,289,289,289,289,289,289,289,289,289,289
"Boulder Creek","2014","mean",4.59,-0.58,10.11,1.47,964.7,85.13,1.53,0.46,6.09,4.01,121.86
"Boulder Creek","2014","max",22.13,13.32,33.59,23.2,997.32,100,14.98,1.79,89.8,15.21,368.27
"Boulder Creek","2014","min",-23.33,-30.17,-15.36,0,936.59,26,-27.24,0,270.02,0,2.54
"Boulder Creek","2014","obs_na",0,0,0,0,0,0,0,0,0,0,0
"Boulder Creek","2015","mean",5.3,0.62,10.48,1.47,964.73,89.61,3.07,0.43,4.26,3.96,113.99
"Boulder Creek","2015","max",23.51,16,34.43,39.4,985.55,100,15.6,1.47,89.98,11.87,352.71
"Boulder Creek","2015","min",-15.16,-20.24,-11.7,0,936.67,49.24,-18.82,0,270.08,0,3.01
"Boulder Creek","2015","obs_na",0,0,0,0,0,0,0,23,0,23,0
"Boulder Creek","2016","mean",5.55,1,10.64,1.61,963.83,89.34,2.64,0.47,2.94,4.44,109.97
"Boulder Creek","2016","max",20.33,15.13,29.57,32.8,988.23,100,15.07,1.39,89.97,14.1,344.74
"Boulder Creek","2016","min",-23.43,-26.91,-19.15,0,937.67,61.34,-25.11,0,270.73,0,3.58
"Boulder Creek","2016","obs_na",0,0,0,0,0,42,42,38,0,38,0
"Boulder Creek","2017","mean",3.79,-1.03,9.14,1.6,964.46,83.45,0.69,0.37,358.92,4.07,96.7
"Boulder Creek","2017","max",20.54,13.21,32.2,49.6,989.17,100,15.26,1.65,89.8,12.06,340.99
"Boulder Creek","2017","min",-23.15,-27.65,-18.74,0,931.48,50.75,-24.58,0,270.5,0,1.6
"Boulder Creek","2017","obs_na",0,0,0,0,0,0,0,34,0,34,85
"Boulder Creek","2018","mean",6.19,0.1,12.57,0.66,965.72,76.69,1.6,0.46,354.39,4.67,148.09
"Boulder Creek","2018","max",23.98,14.77,35.85,11.8,985.52,100,14.78,1.89,89.96,9.83,357.23
"Boulder Creek","2018","min",-21.36,-27.96,-15.39,0,944.78,46.61,-23.42,0,270.03,0,3.37
"Boulder Creek","2018","obs_na",0,0,0,0,0,0,0,16,0,16,0
"Bowron Pit","2018","mean",4.24,-1.78,11.31,0.69,934.73,79.41,0.43,0.2,331.19,4.83,92.03
"Bowron Pit","2018","max",10.12,7.39,19.89,9.6,944.8,96.79,8.03,1.13,89.95,11.07,153.89
"Bowron Pit","2018","min",-2.37,-10.58,2.64,0,922.47,56.57,-9.14,0,271.08,2.01,33
"Bowron Pit","2018","obs_na",16,16,15,15,15,16,16,15,15,15,16
"Bulkley","2007","mean",3.29,-1.89,8.69,1.54,944.01,84.28,0.44,0.29,1.16,3.31,136.82
"Bulkley","2007","max",18.14,12.55,30.71,21.8,964.16,99.59,13.4,1.38,89,7.61,267.4
"Bulkley","2007","min",-27.16,-32.48,-21.79,0,917.32,52.98,-29.4,0,272.6,0,39.6
"Bulkley","2007","obs_na",1,1,1,1,1,1,1,1,1,1,98
"Bulkley","2008","mean",3.6,-2.38,9.79,1.46,944.27,79.35,-0.38,0.29,1.75,3.54,115.32
"Bulkley","2008","max",22.46,13.32,33.17,27.6,963.22,100,15.6,1.51,89.8,9.83,302.9
"Bulkley","2008","min",-30.72,-36.46,-25.18,0,907.78,31.69,-34,0,270.8,0,3
"Bulkley","2008","obs_na",0,0,0,0,0,0,0,0,0,0,65
"Bulkley","2009","mean",4.81,-1.56,11.23,0.92,945.34,80.56,0.77,0.28,9.47,3.24,98.2
"Bulkley","2009","max",22.58,12.16,34.43,16.4,968.85,100,14.6,1.35,89,7.24,304.8
"Bulkley","2009","min",-33.59,-37.96,-27.06,0,920.41,43.29,-36.3,0,270.8,0,3.2
"Bulkley","2009","obs_na",126,126,126,124,124,126,126,124,124,124,126
"Bulkley","2010","mean",5.04,-1.11,11.23,0.92,942.56,77.81,0.37,0.36,10.41,3.7,98.65
"Bulkley","2010","max",20.68,14.47,32.76,19,965.28,100,14.4,1.34,89.7,8.91,322.6
"Bulkley","2010","min",-27.49,-32.48,-19.49,0,912.8,39.25,-29.6,0,271.2,0,4.6
"Bulkley","2010","obs_na",0,0,0,0,0,0,0,0,0,0,0
"Bulkley","2011","mean",3.66,-1.91,9.31,1.42,942.93,81.96,0.2,0.35,0.15,3.74,88.46
"Bulkley","2011","max",17.63,13.7,27.12,22,965.43,100,15.2,1.61,88.3,8.35,309.9
"Bulkley","2011","min",-25.53,-35.05,-19.49,0,918.23,46.27,-28.2,0,270.8,0,4.3
"Bulkley","2011","obs_na",0,0,0,0,0,0,0,0,0,0,0
"Bulkley","2012","mean",4.22,-1.75,10.31,0.9,942.67,79.73,-0.33,0.32,5.56,3.47,89.4
"Bulkley","2012","max",20.74,14.09,32.34,16,962.28,100,14.8,1.38,89.8,8.53,303.8
"Bulkley","2012","min",-31.53,-36.46,-26.1,0,918.08,32.17,-34.7,0,270.3,0,2.2
"Bulkley","2012","obs_na",0,0,0,0,0,0,0,0,0,0,0
"Bulkley","2013","mean",4.61,-1.13,10.92,1.33,945.54,84.18,-1.34,0.29,1.23,3.26,79.19
"Bulkley","2013","max",23.65,13.32,33.17,20.2,963.3,100,14.2,1.51,88.9,7.42,288.1
"Bulkley","2013","min",-24.55,-29.08,-18.76,0,919.27,28.25,-26.4,0,270.9,0,1.8
"Bulkley","2013","obs_na",17,17,8,0,0,79,79,0,0,0,19
"Bulkley","2014","mean",4.89,-1.51,11.16,0.95,944.56,74.94,-0.04,0.29,355.02,3.08,78.66
"Bulkley","2014","max",22.07,15.8,35.42,14.8,968.77,97.07,13.6,1.31,90,7.61,243.9
"Bulkley","2014","min",-28.41,-32.91,-21.37,0,915.95,38.68,-30.6,0,270.5,0,3.1
"Bulkley","2014","obs_na",9,9,9,9,9,9,9,9,9,9,9
"Bulkley","2015","mean",8.2,1.8,14.63,1.22,943.76,77.5,3.68,0.23,4.38,3.19,86.75
"Bulkley","2015","max",23.37,13.19,33.31,17.2,964.65,97.41,14.6,1.25,88.6,7.79,263.7
"Bulkley","2015","min",-19.74,-21.47,-15.47,0,924.27,43.05,-21.5,0,271.2,0,2.1
"Bulkley","2015","obs_na",111,111,110,110,110,110,111,110,110,110,110
"Bulkley","2016","mean",5.55,0,11.35,1.34,943.85,80.63,1.88,0.22,357.43,3.12,67.93
"Bulkley","2016","max",19.93,15.51,28.94,20.8,967.38,97.48,14.1,1.15,89.6,7.61,261.7
"Bulkley","2016","min",-26.46,-30.48,-20.17,0,919.08,45.3,-28.7,0,271.3,0,3.1
"Bulkley","2016","obs_na",0,0,0,0,0,0,0,0,0,0,0
"Bulkley","2017","mean",4.17,-1.91,10.22,0.96,944.49,76.74,-0.19,0.32,346.71,3.51,64.56
"Bulkley","2017","max",20.9,12.75,34.52,13.6,969.24,96.97,13.9,1.38,89.9,7.98,237.9
"Bulkley","2017","min",-26.65,-32.29,-20.93,0,916.13,48.8,-29,0,270.1,0,3.2
"Bulkley","2017","obs_na",0,0,0,0,0,0,0,0,0,0,0
"Bulkley","2018","mean",5.52,-1.38,12.36,0.85,945.7,74.91,0.68,0.28,350.8,3.37,79.07
"Bulkley","2018","max",23.04,14.41,34.33,11,963.73,96.08,14.9,1.04,90,7.24,226.7
"Bulkley","2018","min",-24.96,-32.22,-19.98,0,926.39,50.78,-27.3,0,271.4,1.11,3.8
"Bulkley","2018","obs_na",0,0,0,0,0,0,0,0,0,0,0
"Canoe","2012","mean",1.18,-1.19,4.1,1.47,777.82,78.62,-2.6,5.08,351.49,12.59,167.71
"Canoe","2012","max",17.19,14.31,20.82,40.2,789.06,96.3,9,13.94,86,28.2,381.81
"Canoe","2012","min",-18.15,-19.52,-15.91,0,755.06,38.1,-20,0,273.3,0,10.61
"Canoe","2012","obs_na",25,25,25,25,26,25,25,63,28,63,25
"Canoe","2013","mean",NA,NA,NA,NA,NA,NA,NA,NA,NA,NA,NA
"Canoe","2013","max",-Inf,-Inf,-Inf,-Inf,-Inf,-Inf,-Inf,-Inf,-Inf,-Inf,-Inf
"Canoe","2013","min",Inf,Inf,Inf,Inf,Inf,Inf,Inf,Inf,Inf,Inf,Inf
"Canoe","2013","obs_na",365,365,365,365,365,365,365,365,365,365,365
"Canoe","2014","mean",-0.62,-3.12,2.03,1.22,777.61,81.73,-3.71,4,NA,9.99,99.22
"Canoe","2014","max",17.52,13.98,21.68,22.8,790.63,97.1,9.9,13.45,-Inf,24.43,323.54
"Canoe","2014","min",-26.12,-30.97,-20.26,0,758.35,31,-28.4,0,Inf,0,5.5
"Canoe","2014","obs_na",211,211,211,211,211,211,211,211,365,211,212
"Canoe","2015","mean",-0.81,-3.44,1.95,0.54,774.18,79.26,-4.47,4.43,342.34,11.49,144.31
"Canoe","2015","max",18.12,14.27,22.42,21.6,786.48,97,7.2,13.86,83.9,31.23,394.84
"Canoe","2015","min",-21.49,-24.43,-16.33,0,753.13,17.1,-23.5,0,272.4,0,10.25
"Canoe","2015","obs_na",0,0,0,140,141,0,0,26,270,26,0
"Canoe","2016","mean",-1.3,-3.62,1.23,1.04,774.47,83.44,-4.09,4.6,339.75,11.79,137.09
"Canoe","2016","max",14.39,11.54,18.01,23,789.08,96.7,6.8,16.38,88.6,26.94,400.46
"Canoe","2016","min",-24.31,-26.85,-21.97,0,752.46,15,-26.5,0,274.5,0,7.69
"Canoe","2016","obs_na",0,0,0,0,0,0,0,69,57,60,0
"Canoe","2017","mean",-4.46,-6.93,-1.8,0.55,773.02,83.02,-7.32,5.13,346.99,12.79,132.11
"Canoe","2017","max",16.34,10.49,20.82,31,793.62,100,5.8,14.93,89.6,35.51,415.93
"Canoe","2017","min",-25.14,-27.4,-23.89,0,752.52,33.6,-28.9,0,273.5,0,8.21
"Canoe","2017","obs_na",62,61,61,62,62,62,62,162,98,155,62
"Canoe","2018","mean",-0.81,-3.66,2.22,0.79,777.02,79.75,-4.51,4.51,348.21,11.41,151.75
"Canoe","2018","max",17.81,14.03,22.37,16,789.98,100,5.8,9.65,86.8,30.99,381.82
"Canoe","2018","min",-24.25,-26.31,-21.62,0,757.18,29.9,-26.2,0.86,270.1,3.9,7.33
"Canoe","2018","obs_na",0,0,0,0,0,0,0,204,0,204,0
"Cassiat Mt","2016","mean",-3.33,-5.34,-0.98,1.23,831.9,87.89,-5.2,0.42,353.95,4.76,61.5
"Cassiat Mt","2016","max",18.05,14.94,19.75,34.6,852.73,99.54,9,3.19,87.98,18.55,338.24
"Cassiat Mt","2016","min",-29.52,-30.9,-27.83,0,811.01,50.08,-31.53,0,272.32,0,5.08
"Cassiat Mt","2016","obs_na",0,0,0,0,0,0,0,0,0,0,0
"Cassiat Mt","2017","mean",-2.4,-5.09,0.63,1.01,832.53,82.47,-5.22,0.52,357.14,6.44,115.83
"Cassiat Mt","2017","max",19.31,14.43,23.88,21.2,851.12,99.63,9.89,7.11,88.79,28.57,357.65
"Cassiat Mt","2017","min",-29.89,-32.07,-26.73,0,803.25,38.13,-32.21,0,271.13,0,4.57
"Cassiat Mt","2017","obs_na",0,0,0,0,0,0,0,0,0,0,0
"Cassiat Mt","2018","mean",-1.7,-4.71,1.63,0.7,834.32,79.09,-5.2,0.61,4.91,6.76,159.05
"Cassiat Mt","2018","max",19.44,15.46,24.1,17.4,851.88,99.7,11.81,3.59,89.9,20.22,375.05
"Cassiat Mt","2018","min",-29.82,-32.91,-26.43,0,814.17,37.35,-31.83,0,272.95,0,6.28
"Cassiat Mt","2018","obs_na",0,0,0,0,0,0,0,0,0,0,0
"Central Plateau Finlay","2007","mean",2.67,-1.84,7.65,1.57,944.45,84.2,-0.09,0.43,353.13,4.65,61.12
"Central Plateau Finlay","2007","max",16.71,11.38,31.52,21.8,964.74,98.88,12.9,1.55,90,10.95,275.41
"Central Plateau Finlay","2007","min",-27.06,-31.29,-22.6,0,917.85,56.08,-29.4,0,295.3,0,4.2
"Central Plateau Finlay","2007","obs_na",1,1,1,1,1,1,1,27,23,27,1
"Central Plateau Finlay","2008","mean",3.66,-1.91,9.83,1.59,944.84,78.54,-0.42,0.34,355.02,4.36,110.93
"Central Plateau Finlay","2008","max",22.32,14.09,33.59,26.6,963.61,100,15.8,1.46,89.7,10.2,345.05
"Central Plateau Finlay","2008","min",-30.59,-36.46,-25.18,0,908.55,26.88,-33.7,0,270.8,0,3.16
"Central Plateau Finlay","2008","obs_na",0,0,0,0,0,0,0,17,0,17,0
"Central Plateau Finlay","2009","mean",3.39,-2.73,9.85,1.29,945.29,76.2,-1.45,0.33,354.72,3.98,112.78
"Central Plateau Finlay","2009","max",22.58,13.7,34.43,20.4,968.95,100,14.5,1.69,89.8,11.69,356.45
"Central Plateau Finlay","2009","min",-33.29,-37.96,-28.05,0,920.61,31.58,-36.5,0,270.1,0,3.47
"Central Plateau Finlay","2009","obs_na",0,0,0,0,0,0,0,17,0,17,0
"Central Plateau Finlay","2010","mean",4.88,-0.48,10.64,1.18,943.12,77.56,0.24,0.3,355.73,3.55,90.47
"Central Plateau Finlay","2010","max",20.64,14.47,32.76,20.6,965.33,100,14,1.44,87.5,9.28,332.5
"Central Plateau Finlay","2010","min",-27.13,-32.48,-21,0,918.57,35.04,-29.8,0,271.3,0,3.47
"Central Plateau Finlay","2010","obs_na",53,53,52,52,52,53,53,66,52,66,53
"Central Plateau Finlay","2011","mean",3.68,-1.37,9.17,1.57,943.2,79.97,-0.13,0.32,345.79,3.71,89.26
"Central Plateau Finlay","2011","max",17.31,13.7,27.12,41.4,965.54,100,15.2,1.41,88.6,9.28,297.81
"Central Plateau Finlay","2011","min",-25.61,-33.73,-19.49,0,918.25,43.77,-28.8,0,270.9,0,2.75
"Central Plateau Finlay","2011","obs_na",0,0,0,0,0,0,0,0,0,0,0
"Central Plateau Finlay","2012","mean",4.67,-0.76,10.53,0.83,943.68,78.08,0.45,0.28,352.05,3.31,84.43
"Central Plateau Finlay","2012","max",20.54,13.7,31.93,19.4,962.37,100,15.1,1.32,89.8,8.16,285.83
"Central Plateau Finlay","2012","min",-31.27,-35.05,-26.1,0,918.03,20.46,-34.9,0,270.9,0,1.43
"Central Plateau Finlay","2012","obs_na",71,70,69,66,66,85,85,66,66,66,67
"Central Plateau Finlay","2013","mean",5.28,-0.03,11.12,1.56,945.66,82.24,1.1,0.27,348.51,3.22,78.2
"Central Plateau Finlay","2013","max",22.32,15.62,33.17,31,963,100,14.5,1.49,89.9,7.42,256.82
"Central Plateau Finlay","2013","min",-24.34,-29.08,-19.49,0,919.28,36.09,-31,0,272.6,0,1.91
"Central Plateau Finlay","2013","obs_na",1,1,0,0,0,38,38,11,9,11,0
"Central Plateau Finlay","2014","mean",4.67,-0.88,10.31,1.05,944.94,77.43,0.1,0.27,346.7,3.21,77.08
"Central Plateau Finlay","2014","max",21.93,17.53,35.08,17.8,974.52,100,14.1,1.32,88.9,7.79,275.35
"Central Plateau Finlay","2014","min",-27.33,-32.48,-21.67,0,915.9,27.96,-41.2,0,271.4,0,2.07
"Central Plateau Finlay","2014","obs_na",2,2,0,37,0,46,46,38,0,38,0
"Central Plateau Finlay","2015","mean",5.86,0.55,11.44,1.38,945.67,79.29,1.8,0.26,350.82,3.15,68.11
"Central Plateau Finlay","2015","max",23.48,15.44,32.85,19,964.71,100,15.2,1.53,88.4,7.79,226.4
"Central Plateau Finlay","2015","min",-17.14,-18.88,-14.95,0,918.21,42,-19.1,0,270.2,0,2.01
"Central Plateau Finlay","2015","obs_na",0,0,0,0,149,0,0,20,0,20,0
"Central Plateau Finlay","2016","mean",5.59,0.59,11.04,1.61,944.46,81.58,2.07,0.25,353.45,3.06,58.68
"Central Plateau Finlay","2016","max",19.69,15.87,28.57,26.8,968.52,100,14.2,1.62,89,11.69,220.72
"Central Plateau Finlay","2016","min",-26.26,-30.13,-21.57,0,919.1,42.95,-28.2,0,270.7,0,2.9
"Central Plateau Finlay","2016","obs_na",0,0,0,0,0,0,0,11,0,11,0
"Central Plateau Finlay","2017","mean",4.28,-1.22,9.97,1.01,945.53,77.4,0.05,0.31,351.74,3.19,57.03
"Central Plateau Finlay","2017","max",21.49,12.7,34.73,14.4,970.15,100,14.4,1.62,89.8,7.98,196.35
"Central Plateau Finlay","2017","min",-26.4,-31.85,-21.62,0,917.31,49.83,-28.3,0,272,0,3
"Central Plateau Finlay","2017","obs_na",0,0,0,0,0,0,0,12,0,12,0
"Central Plateau Finlay","2018","mean",5.64,-0.55,12.06,1.04,946.86,75.44,0.92,0.25,352.17,2.89,63.18
"Central Plateau Finlay","2018","max",23.32,15.82,34.07,13.4,965.19,99.17,15,1.13,90,6.86,176.71
"Central Plateau Finlay","2018","min",-24.67,-31.62,-21.08,0,927.6,49.81,-26.7,0,271.5,0.74,3.31
"Central Plateau Finlay","2018","obs_na",0,0,0,0,0,0,0,15,0,15,0
"Crystal Lake","2010","mean",6.12,-0.43,12.05,1.54,926.19,72.17,0.44,1.41,0.93,7.53,148.6
"Crystal Lake","2010","max",20.76,16.11,31.03,53.4,939.63,97.41,13.08,4.2,84.83,15.21,374.83
"Crystal Lake","2010","min",-25.38,-33.38,-18.08,0,901.4,36.52,-28.67,0,270.03,0,3.68
"Crystal Lake","2010","obs_na",1,1,1,1,1,1,1,6,1,6,1
"Crystal Lake","2011","mean",2.26,-3.69,7.62,1.84,925.25,78.2,-1.66,1.43,10.05,7.47,124.51
"Crystal Lake","2011","max",17.01,13.43,26.67,23,946.46,97.33,13.02,4.19,88.5,16.88,358.53
"Crystal Lake","2011","min",-27.82,-39.42,-21.62,0,900.7,46,-30.83,0,270.44,0,4.67
"Crystal Lake","2011","obs_na",0,0,0,0,0,0,0,19,0,19,0
"Crystal Lake","2012","mean",2.61,-3.94,8.67,1.46,925.03,76.52,-1.82,1.35,6.2,7.11,135.48
"Crystal Lake","2012","max",20.44,15.27,30.7,35.8,944.03,96.6,14.12,4.22,86.99,18.74,359
"Crystal Lake","2012","min",-37.79,-44.87,-27.65,0,899.53,37.62,-41.28,0,270.13,0,4.93
"Crystal Lake","2012","obs_na",0,0,0,0,0,0,0,0,0,0,0
"Crystal Lake","2013","mean",3.88,-2.69,9.77,1.68,927.64,78.88,-0.15,1.26,8.09,7.04,142.26
"Crystal Lake","2013","max",22.09,15.22,32.25,41.8,943.97,97.4,13,3.67,89.38,46.94,373.27
"Crystal Lake","2013","min",-22.63,-30.97,-18.52,0,902.65,42.17,-24.78,0.05,274.53,1.3,4.04
"Crystal Lake","2013","obs_na",4,4,4,4,4,4,4,31,31,31,5
"Crystal Lake","2014","mean",7.27,0.45,13.28,1.78,926.73,76.41,2.47,0.64,NA,6.38,150.32
"Crystal Lake","2014","max",23.06,15.44,35,25.2,955.4,97.71,13.18,3,-Inf,15.11,382.65
"Crystal Lake","2014","min",-28.54,-34.76,-20.17,0,905.02,41.09,-30.75,0,Inf,0,6.44
"Crystal Lake","2014","obs_na",143,143,142,142,142,142,142,156,365,156,143
"Crystal Lake","2015","mean",4.32,-2.14,10.07,1.76,926.56,78.32,0.13,0.73,NA,6.82,137.57
"Crystal Lake","2015","max",22.94,14.36,31.2,26.8,945.56,97.88,13.79,2.7,-Inf,17.88,375.15
"Crystal Lake","2015","min",-20.46,-27.96,-16.62,0,901.11,32.87,-22.4,0,Inf,0,3.26
"Crystal Lake","2015","obs_na",0,0,0,0,0,0,0,27,365,27,0
"Crystal Lake","2016","mean",4.2,-1.83,9.84,2.13,925.81,80.29,0.46,0.6,NA,6.15,132.57
"Crystal Lake","2016","max",19.7,14.75,29.17,34.4,948.44,98.04,13.62,2.56,-Inf,17.12,375.93
"Crystal Lake","2016","min",-28.8,-33.38,-19.42,0,900.96,30.79,-31.23,0,Inf,0,6.13
"Crystal Lake","2016","obs_na",0,0,0,0,0,0,0,10,366,10,0
"Crystal Lake","2017","mean",2.73,-3.68,8.64,1.59,926.09,77.4,-1.49,0.79,352.08,6.78,135.28
"Crystal Lake","2017","max",22.28,11.86,34.68,35,950.18,96.6,12.81,2.8,87.69,17.38,381.77
"Crystal Lake","2017","min",-29.06,-36.6,-22.17,0,898.89,49.12,-31.72,0,270.24,0.76,5.76
"Crystal Lake","2017","obs_na",0,0,0,0,0,0,0,0,257,0,0
"Crystal Lake","2018","mean",4.27,-3.33,11.13,0.98,927.67,72.74,-1.01,0.98,4.12,6.94,163.69
"Crystal Lake","2018","max",22.05,16.94,33.63,23.4,943.49,95.24,14.52,3.27,87.68,17.12,394.1
"Crystal Lake","2018","min",-27.24,-36.97,-22.12,0,908.58,43.08,-29.79,0,271.19,1.76,6.5
"Crystal Lake","2018","obs_na",0,0,0,0,0,0,0,0,0,0,0
"Dunster","2013","mean",1,-1.94,3.92,0.84,913.02,83.46,-1.67,0.77,339.3,5.12,66
"Dunster","2013","max",18.55,12.44,26.09,10.4,930.06,96.43,12.62,2.2,84.53,12.25,262.86
"Dunster","2013","min",-23.1,-26.37,-21.08,0,890.5,56.93,-25.2,0,272.31,0,4.1
"Dunster","2013","obs_na",0,0,0,0,0,0,0,0,0,0,0
"Dunster","2014","mean",4.21,0.14,8.57,1.31,912.03,76.37,-0.17,0.95,354.89,6.09,156.78
"Dunster","2014","max",23.58,15.51,33.81,18.6,937.07,96.68,14.48,2.57,89.96,15.21,480.1
"Dunster","2014","min",-25.59,-28.6,-23.15,0,883.67,36.11,-27.57,0,270.72,0,2.17
"Dunster","2014","obs_na",0,0,0,0,0,0,0,8,0,8,0
"Dunster","2015","mean",5.52,1.4,9.98,1.53,912.22,76.88,1.14,0.93,348.29,6.18,162.66
"Dunster","2015","max",23.46,16.13,32.9,24.8,929.88,97.44,13.72,2.31,86.1,12.99,502.92
"Dunster","2015","min",-17.39,-21.82,-14.2,0,887.38,33.87,-19.53,0,270.01,0,3.32
"Dunster","2015","obs_na",0,0,0,0,0,0,0,14,0,14,0
"Dunster","2016","mean",5.47,1.62,9.86,1.39,911.5,79.24,1.68,0.93,348.57,6.12,156.82
"Dunster","2016","max",20.58,14.12,28.35,19.4,929.93,96.5,13.09,2.59,88.92,13.73,515.88
"Dunster","2016","min",-22.33,-24.16,-20.64,0,887.48,43.55,-24.42,0,270.63,0,3.37
"Dunster","2016","obs_na",0,0,0,0,0,0,0,0,0,0,0
"Dunster","2017","mean",3.8,-0.33,8.23,1.37,911.8,77.79,-0.26,0.85,346.08,6.04,155.63
"Dunster","2017","max",22.04,14.31,33.47,32.6,936.34,96.57,13.58,2.61,87.75,14.1,512.91
"Dunster","2017","min",-21.64,-24.88,-19.84,0,888.82,44.8,-24.03,0,270.26,0.19,2.28
"Dunster","2017","obs_na",0,0,0,0,0,0,0,0,0,0,0
"Dunster","2018","mean",5.75,0.9,11.09,1.05,912.35,74.96,1.05,0.84,343.83,6.19,202.55
"Dunster","2018","max",22.55,14.77,32.54,23.8,927.15,95.83,13.13,2.66,89.69,13.73,524.84
"Dunster","2018","min",-19.68,-21.82,-17.94,0,895.87,44.3,-21.6,0.06,270.15,2.04,6.23
"Dunster","2018","obs_na",0,0,0,0,0,0,0,0,0,0,0
"Endako","2007","mean",-2.28,-6.2,1.52,1.15,913.41,85.11,-4.6,1.3,8.25,5.83,50.33
"Endako","2007","max",10.18,5.54,22.71,25.4,933.95,95.65,4.4,3.36,89.86,12.25,207.55
"Endako","2007","min",-19.78,-21.82,-18.08,0,889.68,64.39,-22.79,0.18,270.09,2.23,6.02
"Endako","2007","obs_na",1,1,1,1,1,1,1,1,1,1,1
"Endako","2008","mean",1.97,-3.85,7.54,0.77,915.6,73.83,-2.79,1.6,1.14,6.87,131.42
"Endako","2008","max",20.14,10.1,30.9,24,932.64,95.64,11.33,4.01,89.37,15.59,375.2
"Endako","2008","min",-29.67,-34.26,-25.56,0,879.36,40.11,-33.38,0,270.32,0,5.45
"Endako","2008","obs_na",0,0,0,0,0,0,0,0,0,0,0
"Endako","2009","mean",1.74,-4.71,7.96,0.95,916.24,72.81,-3.42,1.48,3.46,6.82,141.2
"Endako","2009","max",24.87,15.82,36.09,21,939.92,95.59,12.61,3.6,89.73,18.37,379.21
"Endako","2009","min",-29.39,-34.85,-22.63,0,889.4,37.37,-32.24,0.09,270.56,1.86,7.23
"Endako","2009","obs_na",9,9,9,0,0,9,9,0,0,0,0
"Endako","2010","mean",3.18,-2.86,8.7,0.66,913.67,73.41,-1.8,1.46,357.81,6.63,141.48
"Endako","2010","max",19.99,11.83,31.56,19.2,932.53,94.18,12.11,3.75,89.91,13.17,387.55
"Endako","2010","min",-20.56,-27.09,-15.87,0,883.44,41.03,-24.49,0,270.38,0,3.63
"Endako","2010","obs_na",0,0,0,0,0,0,0,0,0,0,0
"Endako","2011","mean",1.49,-4.19,6.79,1.34,914.06,77.8,-2.3,1.38,356.64,6.69,129.37
"Endako","2011","max",17.25,11.69,26.3,35,933.71,95.51,12.21,3.99,89.97,14.47,396.25
"Endako","2011","min",-22.83,-29.79,-20.79,0,887.15,48.18,-27.79,0,270.44,0,4.51
"Endako","2011","obs_na",2,2,4,0,0,2,2,0,0,0,0
"Endako","2012","mean",2.33,-4.01,8.26,0.8,913.71,74.94,-2.26,1.26,353.65,6.5,142.06
"Endako","2012","max",19.93,16.23,31.38,14.6,932.54,94.76,12.09,3.01,89.79,16.14,394
"Endako","2012","min",-33.43,-40.06,-25.67,0,887.86,45.33,-37.21,0,271.04,0,5.3
"Endako","2012","obs_na",0,0,0,0,0,0,0,0,0,0,0
"Endako","2013","mean",3.61,-2.88,9.93,1.02,916.58,77.17,-0.6,0.95,359.48,5.83,145.47
"Endako","2013","max",20.71,13.69,31.2,22.6,932.82,94.92,13,2.85,89.75,12.62,407.65
"Endako","2013","min",-22.28,-26.67,-14.35,0,889.48,41.8,-25.05,0,270.09,0,3.58
"Endako","2013","obs_na",0,0,0,0,0,0,0,0,0,0,0
"Endako","2014","mean",2.74,-4.05,9.09,0.89,915.34,75.37,-1.88,0.88,11.27,5.6,149.36
"Endako","2014","max",21.91,14.31,33.68,24.8,943.42,96.06,11.45,3.26,89.62,13.17,419.68
"Endako","2014","min",-24.88,-32.98,-16.7,0,886.55,41.93,-28.14,0,270.78,0,2.17
"Endako","2014","obs_na",0,0,0,0,0,0,0,0,0,0,0
"Endako","2015","mean",3.63,-2.77,9.71,0.97,915.69,78.2,-0.38,0.85,10.01,5.58,142.63
"Endako","2015","max",23.2,12.1,32.77,25,932.68,96.45,11.72,2.24,89.21,15.96,407.13
"Endako","2015","min",-16.89,-21.42,-15.47,0,887.75,40.21,-19.31,0,270.25,0.37,4.36
"Endako","2015","obs_na",0,0,0,0,0,0,0,24,0,24,0
"Endako","2016","mean",3.6,-2.66,9.46,1.23,914.86,79.34,-0.16,0.75,14.41,5.18,136.21
"Endako","2016","max",18.33,11.64,28.69,28.6,934.45,96.05,12.79,2.58,89.79,12.43,409.73
"Endako","2016","min",-24.12,-29.39,-18.43,0,889.54,36.08,-26.72,0,271.3,0,4.46
"Endako","2016","obs_na",0,0,0,0,0,0,0,25,0,25,0
"Endako","2017","mean",2.08,-4.86,8.66,1.3,914.78,77.23,-2.07,0.45,358.57,4.89,143.17
"Endako","2017","max",20.67,9.44,32.1,34,933.82,96.43,12.3,2.33,89.09,10.76,416.71
"Endako","2017","min",-25.03,-30.83,-18.47,0,885.01,49.47,-27.55,0,270.49,0,3.58
"Endako","2017","obs_na",0,0,0,0,88,0,0,28,16,5,0
"Endako","2018","mean",3.94,-3.84,11.16,0.79,918.83,73.42,-1.11,0.26,352.48,4.96,177.86
"Endako","2018","max",22.9,13.11,34.26,14.6,928.73,95.03,12.47,2.32,88.59,11.58,386.92
"Endako","2018","min",-23.82,-29.66,-18.74,0,909.21,47.76,-26.4,0,270.15,0,4.4
"Endako","2018","obs_na",0,0,0,0,157,0,0,0,13,0,0
"George Lake","2007","mean",-2.48,-6.15,1.88,1.32,910.26,85.39,-4.79,1.11,342.55,5.59,49.42
"George Lake","2007","max",9.6,4.92,23.33,28.6,930.27,98.33,5.28,2.92,89.64,10.95,143.32
"George Lake","2007","min",-23.97,-28.21,-20.55,0,885.61,62.35,-25.91,0.04,270.28,0.93,5.98
"George Lake","2007","obs_na",1,1,0,0,0,1,1,0,0,0,1
"George Lake","2008","mean",2.31,-3.22,8.05,0.99,912.01,72.94,-2.72,1.26,341.94,6.54,132.48
"George Lake","2008","max",20.71,12,30.32,24.8,928.99,98.42,12.6,4.39,89.48,14.66,356.19
"George Lake","2008","min",-30.64,-35.97,-26.08,0,875.95,40.11,-34.41,0.22,271.33,2.04,3.73
"George Lake","2008","obs_na",0,0,0,0,0,0,0,0,0,0,0
"George Lake","2009","mean",2.21,-3.54,8.05,0.96,912.69,72.52,-2.98,1.22,11.6,6.45,142.47
"George Lake","2009","max",23.51,16.2,31.66,31.6,935.68,97.43,13.82,3.26,89.67,15.21,363.48
"George Lake","2009","min",-30.6,-34.26,-26.55,0,887.06,39.33,-33.23,0.16,273.14,1.48,6.08
"George Lake","2009","obs_na",0,0,0,0,0,0,0,0,0,0,0
"George Lake","2010","mean",3.42,-2.14,9.11,0.83,910.25,73.89,-1.61,1.08,9.41,6.09,119.75
"George Lake","2010","max",20.01,13.69,31.26,18,928.56,98.28,11.85,3.39,89.15,13.54,333.9
"George Lake","2010","min",-21.36,-26.79,-17.73,0,880.48,40.47,-25.13,0,270.09,0,9.62
"George Lake","2010","obs_na",0,0,0,0,0,0,0,0,0,0,225
"George Lake","2011","mean",2.12,-3.22,7.73,1.14,910.6,76.89,-1.96,1.12,13.77,6.22,101.54
"George Lake","2011","max",16.87,12.97,27.43,23,929.55,96.96,12.28,2.98,86.98,13.17,283.38
"George Lake","2011","min",-24.08,-30.13,-22.37,0,884.88,46.68,-27.55,0,272.6,0,2.8
"George Lake","2011","obs_na",0,0,0,0,0,0,0,0,0,0,193
"George Lake","2012","mean",2.77,-3.11,9.01,0.99,910.39,75.01,-1.92,0.8,8.44,5.45,131.23
"George Lake","2012","max",21.1,14.27,33.21,19.4,929.14,97.02,13.68,2.12,86.63,13.54,360.42
"George Lake","2012","min",-34.1,-39.22,-27.58,0,884.67,38.56,-37.22,0,272.77,0,3.15
"George Lake","2012","obs_na",0,0,0,0,0,0,0,0,0,0,0
"George Lake","2013","mean",4.24,-1.59,10.8,1.05,913.28,76.71,-0.19,0.31,7.76,4.74,127.16
"George Lake","2013","max",21.79,13.23,33.63,15,929.31,97.9,13.53,1.55,87.93,10.2,357.03
"George Lake","2013","min",-22.36,-26.79,-15.14,0,886.68,36.78,-24.85,0,274.19,0,2.95
"George Lake","2013","obs_na",0,0,0,0,0,0,0,0,0,0,0
"George Lake","2014","mean",1.92,-3.76,8.12,0.98,912.25,78.19,-2.19,0.26,9.85,3.86,89.92
"George Lake","2014","max",23.29,14.12,34.86,26.8,940.04,99.15,12.2,1.53,86.12,10.02,303.01
"George Lake","2014","min",-25.47,-30.62,-20.07,0,883.39,37.46,-27.67,0,272.33,0.25,3.31
"George Lake","2014","obs_na",62,62,61,61,61,62,62,71,257,71,61
"George Lake","2015","mean",3.72,-2.01,10.01,1.11,912.43,78.72,-0.33,0.12,9.5,3.67,103.87
"George Lake","2015","max",23,15.89,31.82,18.4,929.48,98.62,13.44,0.96,85.75,9.82,283.54
"George Lake","2015","min",-18.96,-21.03,-17.64,0,885.23,43.24,-21.03,0,271.13,0,3.21
"George Lake","2015","obs_na",15,14,14,0,0,15,15,7,223,0,0
"George Lake","2016","mean",4.08,-1.57,10.33,1.39,911.66,80.26,0.29,0.35,9.24,3.74,122.54
"George Lake","2016","max",19.01,11.95,29.72,24,931.39,98.17,13.08,1.29,89.39,9.83,371.35
"George Lake","2016","min",-24.6,-28.53,-20.26,0,886.81,43.19,-26.58,0,270.62,0,2.74
"George Lake","2016","obs_na",0,0,0,149,0,0,0,25,5,7,0
"George Lake","2017","mean",-4.96,-9.54,0.46,1.07,912.16,82.16,-7.81,0.28,11.54,3.76,124.26
"George Lake","2017","max",17.89,6.31,29.12,21,934.62,98.17,6.37,1,89.19,9.46,375.52
"George Lake","2017","min",-24.28,-28.66,-19.93,0,882.78,46.53,-26.47,0,270.14,0,3.68
"George Lake","2017","obs_na",171,171,167,0,0,171,171,11,0,11,0
"George Lake","2018","mean",1.36,-4.84,7.66,0.84,913.45,72.5,-3.78,0.25,351.45,3.36,147.8
"George Lake","2018","max",21.37,13.59,32.69,14.2,927.77,93.48,11.27,1.01,89.97,10.2,343.64
"George Lake","2018","min",-25.91,-29.66,-20.74,0,893.44,43.34,-28.08,0,270.86,0,2.69
"George Lake","2018","obs_na",83,82,82,0,0,83,83,0,0,0,0
"Gnat Pass","2012","mean",-2.15,-4.89,0.65,0.87,826.2,82.36,-5.02,3.34,11.65,10.59,94.07
"Gnat Pass","2012","max",15.43,12.05,20.03,21,843.68,98.61,8.28,11.31,79.96,25.6,365.89
"Gnat Pass","2012","min",-21.2,-22.52,-19.89,0,800.15,46.68,-23.4,0,275.17,0.56,5.86
"Gnat Pass","2012","obs_na",0,0,0,0,1,0,0,0,0,0,0
"Gnat Pass","2013","mean",-1.28,-3.77,1.49,0.74,827.62,81.32,-4.44,3.41,12.54,10.8,126.73
"Gnat Pass","2013","max",17.99,14.19,22.01,15.6,845.23,97.96,9.34,12.22,89.84,36.55,381.65
"Gnat Pass","2013","min",-25.64,-30.41,-23.36,0,801.9,37.04,-27.95,0,270.08,0,3.83
"Gnat Pass","2013","obs_na",0,0,0,0,12,0,0,0,0,0,0
"Gnat Pass","2014","mean",-1.58,-4.01,1.13,0.87,826.48,78.39,-5.34,3,14.21,9.66,127.98
"Gnat Pass","2014","max",16.22,11.88,21.51,19.6,847.56,98.3,9.43,9.38,89.02,33.77,396.76
"Gnat Pass","2014","min",-23.71,-25.73,-21.27,0,799.98,12.34,-31.05,0,270.14,0,4.88
"Gnat Pass","2014","obs_na",0,0,0,0,1,0,0,0,0,0,0
"Gnat Pass","2015","mean",-1.17,-3.46,1.41,1.08,826.14,80.9,-4.39,3.53,7.99,10.69,121.89
"Gnat Pass","2015","max",16.65,12.7,20.34,19,841.65,97.98,7.36,10.13,89.73,33.21,378.9
"Gnat Pass","2015","min",-23.25,-27.09,-22.22,0,791.07,26.1,-27.14,0,270.03,0,6.33
"Gnat Pass","2015","obs_na",0,0,0,0,8,0,0,0,0,0,0
"Gnat Pass","2016","mean",1.58,-0.87,4.34,1.17,827.38,80.58,-1.78,3.61,4.37,11.05,146.55
"Gnat Pass","2016","max",15.94,12.36,19.75,21.4,846.79,97.19,9.16,10.22,88.56,29.31,393.01
"Gnat Pass","2016","min",-14.26,-17.94,-10.58,0,802.9,29.4,-19.82,0,270.2,0,8.99
"Gnat Pass","2016","obs_na",0,0,0,0,0,0,0,0,0,0,0
"Gunnel","2008","mean",-4.6,-7.43,-1.59,0.28,840.8,66.29,-10.63,3.27,347.5,11.18,51.23
"Gunnel","2008","max",14.93,14.09,19.04,6.2,856.1,98.35,4.04,6.48,88.2,25.98,186.76
"Gunnel","2008","min",-31.48,-33.73,-30.17,0,820,14.06,-34.65,0.16,271.3,1.67,3.94
"Gunnel","2008","obs_na",0,0,0,0,0,0,0,48,48,48,0
"Gunnel","2009","mean",-1.16,-4.54,2.44,1.28,843.62,68.01,-7.38,NA,NA,NA,150.15
"Gunnel","2009","max",20.81,17.9,25.17,32,860.67,100,11.79,-Inf,-Inf,-Inf,348.9
"Gunnel","2009","min",-33.23,-36.46,-29.09,0,820.05,9.54,-36.42,Inf,Inf,Inf,5.09
"Gunnel","2009","obs_na",128,128,128,128,128,128,128,365,365,365,128
"Gunnel","2010","mean",NA,NA,NA,NA,NA,NA,NA,NA,NA,NA,NA
"Gunnel","2010","max",-Inf,-Inf,-Inf,-Inf,-Inf,-Inf,-Inf,-Inf,-Inf,-Inf,-Inf
"Gunnel","2010","min",Inf,Inf,Inf,Inf,Inf,Inf,Inf,Inf,Inf,Inf,Inf
"Gunnel","2010","obs_na",365,365,365,365,365,365,365,365,365,365,365
"Gunnel","2011","mean",4.3,1.92,7.12,0.27,NA,62.63,-2.96,3.83,3.07,13.61,117.53
"Gunnel","2011","max",10.72,7.43,16,2.8,-Inf,97.57,4.38,6.42,89.3,25.05,154.57
"Gunnel","2011","min",-0.69,-2.9,0.73,0,Inf,35.33,-9.81,1.43,282.9,5.94,53.63
"Gunnel","2011","obs_na",347,347,347,347,365,347,347,347,347,347,347
"Gunnel","2012","mean",NA,NA,NA,NA,NA,NA,NA,NA,NA,NA,NA
"Gunnel","2012","max",-Inf,-Inf,-Inf,-Inf,-Inf,-Inf,-Inf,-Inf,-Inf,-Inf,-Inf
"Gunnel","2012","min",Inf,Inf,Inf,Inf,Inf,Inf,Inf,Inf,Inf,Inf,Inf
"Gunnel","2012","obs_na",366,366,366,366,366,366,366,366,366,366,366
"Gunnel","2013","mean",NA,NA,NA,NA,NA,NA,NA,NA,NA,NA,NA
"Gunnel","2013","max",-Inf,-Inf,-Inf,-Inf,-Inf,-Inf,-Inf,-Inf,-Inf,-Inf,-Inf
"Gunnel","2013","min",Inf,Inf,Inf,Inf,Inf,Inf,Inf,Inf,Inf,Inf,Inf
"Gunnel","2013","obs_na",365,365,365,365,365,365,365,365,365,365,365
"Gunnel","2014","mean",2.36,-0.67,5.41,0.65,1005.46,68.73,-3.63,2.86,355.87,10.06,NA
"Gunnel","2014","max",20.25,18.2,23.4,17.8,1025.42,98.21,11.58,6.82,90,25.9,-Inf
"Gunnel","2014","min",-24.43,-25.8,-22.4,0,979.92,13,-26.76,0,270.9,0,Inf
"Gunnel","2014","obs_na",195,195,195,195,195,195,195,195,208,195,365
"Gunnel","2015","mean",1.53,-1.69,4.82,1.89,1007.51,66.51,-4.94,3.49,9.83,11.98,NA
"Gunnel","2015","max",17.78,13.3,22.8,66,1025.48,99,10.84,8.55,89.1,31.7,-Inf
"Gunnel","2015","min",-32.45,-34.4,-29,0,981.87,23.92,-35.64,0,271.9,0,Inf
"Gunnel","2015","obs_na",0,0,0,0,0,0,0,0,7,0,217
"Gunnel","2018","mean",2.03,-0.78,5.08,1.12,847.8,71.35,-3.57,2.63,359.2,10.16,100.59
"Gunnel","2018","max",19.55,16.82,22.87,21.6,859.6,100,6.74,6.17,87.5,20.46,239.42
"Gunnel","2018","min",-8.39,-9.95,-6.29,0,835.68,21.03,-11.12,0,273.99,0,16.76
"Gunnel","2018","obs_na",1,1,0,0,0,1,1,0,0,0,1
"Hourglass","2012","mean",4.44,-0.07,9.07,0.89,883.36,66.61,-2.13,3.06,21.08,9.65,147.78
"Hourglass","2012","max",22.48,15.63,29.34,26.8,899.48,95.45,11.44,8.86,87.31,22.64,358.27
"Hourglass","2012","min",-27.05,-28.66,-26.19,0,861.75,29.21,-29.75,0,271.08,0.19,6.44
"Hourglass","2012","obs_na",1,1,1,1,1,1,1,1,1,1,1
"Hourglass","2013","mean",2.7,-1.69,7,0.68,884.29,69.55,-2.88,3.13,20.35,10.22,132.34
"Hourglass","2013","max",22.61,16.23,31.05,24.6,900.27,94.75,13.17,10.15,89.67,25.13,367.7
"Hourglass","2013","min",-28.74,-33.14,-23.25,0,862,25.81,-31.74,0.06,272.2,3.05,7.85
"Hourglass","2013","obs_na",0,0,0,0,0,0,0,0,125,0,0
"Hourglass","2014","mean",2.5,-2.09,6.91,0.64,883.76,67.09,-3.65,2.4,NA,9.54,134.26
"Hourglass","2014","max",24.87,18.53,32.92,25.4,907.36,96.05,11.7,10.41,-Inf,26.27,389.74
"Hourglass","2014","min",-28.15,-34.43,-24.43,0,855.23,25.75,-33.49,0.11,Inf,2.66,8.89
"Hourglass","2014","obs_na",2,1,1,0,0,2,2,0,365,0,2
"Hourglass","2015","mean",3.55,-0.65,7.68,1.02,883.42,69.32,-2.16,2.41,6.35,9.55,132.75
"Hourglass","2015","max",22.14,17.18,28.1,46.8,903.4,93.34,11.93,7.31,80.6,19.41,366.35
"Hourglass","2015","min",-25.69,-28.86,-23.57,0,862.72,19.06,-28.16,0,273.01,2.01,5.24
"Hourglass","2015","obs_na",0,0,0,0,0,0,0,0,231,0,0
"Hourglass","2016","mean",3.26,-0.72,7.33,1.63,883.2,72.13,-1.91,2.01,10.98,8.13,131.57
"Hourglass","2016","max",19.01,14.34,25.53,106.6,901.81,99.23,12.45,6.16,89.5,17.63,399
"Hourglass","2016","min",-30.34,-31.7,-28.09,0,860.14,29.15,-33.1,0,270.59,0,4.98
"Hourglass","2016","obs_na",0,0,0,0,0,0,0,0,0,0,0
"Hourglass","2017","mean",2.02,-2.26,6.35,1.33,883.4,71.01,-3.27,2.07,18.55,8.69,136.82
"Hourglass","2017","max",20.91,16.53,28.39,35,900.94,94.64,11.28,7.66,89.72,21.15,399.84
"Hourglass","2017","min",-32.5,-35.36,-28.21,0,857.25,34.86,-35.54,0,270.31,0,8.37
"Hourglass","2017","obs_na",0,0,0,0,0,0,0,0,0,0,0
"Hourglass","2018","mean",3.11,-1.28,7.59,1.05,884.75,68.61,-2.83,1.82,31.18,8.05,147.79
"Hourglass","2018","max",22.52,16.65,29.19,57,898.27,95.62,13.94,6.23,89.13,17.63,368.74
"Hourglass","2018","min",-29.94,-32.67,-27.83,0,864.27,28.47,-32.75,0,270.55,0,6.54
"Hourglass","2018","obs_na",0,0,0,0,0,0,0,0,0,0,0
"Hudson Bay Mountain","2017","mean",-2.1,-4.5,0.38,1.03,825.74,82.87,-5.22,5.27,17.71,13.4,67.92
"Hudson Bay Mountain","2017","max",17.28,14.24,20.2,29.6,844.99,100,7.86,16.78,88.96,29.23,224.68
"Hudson Bay Mountain","2017","min",-25.36,-26.49,-23.41,0,801.28,25.63,-27.48,0,270.15,0.19,7.12
"Hudson Bay Mountain","2017","obs_na",0,0,0,0,0,0,0,0,0,0,0
"Hudson Bay Mountain","2018","mean",0.51,-2.11,3.38,0.62,827.16,78.96,-3.37,5.2,4.16,13.15,149.12
"Hudson Bay Mountain","2018","max",20.16,17.23,24.24,25.6,841.22,100,7.58,16.17,89.33,29.82,350.14
"Hudson Bay Mountain","2018","min",-22.85,-26.37,-19.75,0,807.3,25.83,-24.44,0,270.02,0.19,10.45
"Hudson Bay Mountain","2018","obs_na",0,0,0,0,0,0,0,0,0,0,0
"Kluskus","2010","mean",2.24,-4.22,8.46,0.93,885.25,77.54,-2.03,0.8,0.06,5.81,102.35
"Kluskus","2010","max",19.58,11.2,29.02,16.4,897.32,96.72,10.17,3.12,83.88,14.1,328.22
"Kluskus","2010","min",-25.35,-33.61,-21.22,0,859.56,40.9,-27.8,0,273.01,0,3.63
"Kluskus","2010","obs_na",1,1,1,1,1,1,1,1,1,1,1
"Kluskus","2011","mean",1.06,-5.17,6.9,1.21,884.81,75.82,-3.2,1.07,1.69,7.31,117.73
"Kluskus","2011","max",16.6,11.9,26.82,24.6,903.73,96.31,11,3.42,86.63,18.37,339.21
"Kluskus","2011","min",-25.72,-34.1,-22.42,0,861.08,47.45,-29.89,0,274.01,0,3.89
"Kluskus","2011","obs_na",0,0,0,0,0,0,0,0,0,0,0
"Kluskus","2012","mean",1.33,-5.62,7.8,1.15,884.83,75.37,-3.25,0.92,5.29,6.53,127.36
"Kluskus","2012","max",18.86,11.61,30.67,30.61,902.63,96.22,11.34,3.49,88.68,16.7,360.84
"Kluskus","2012","min",-38.42,-45.99,-27.96,0,858.71,38.38,-41.39,0,270.2,0.19,2.58
"Kluskus","2012","obs_na",0,0,0,0,0,0,0,0,0,0,0
"Kluskus","2013","mean",4.12,-3.41,10.78,1.33,888.18,72.84,-1.14,0.97,1.13,6.95,161.84
"Kluskus","2013","max",19.47,10.96,29.09,35.4,901.61,94.65,11.71,3.87,89.78,16.51,366.35
"Kluskus","2013","min",-22.86,-30,-8.26,0,865.14,42.16,-24.76,0.01,273.24,1.48,6.96
"Kluskus","2013","obs_na",132,131,132,131,131,132,132,131,247,131,131
"Kluskus","2014","mean",4.14,-3.21,11.01,0.89,887.93,73.7,-0.98,0.61,NA,6.13,146.97
"Kluskus","2014","max",20.82,14.15,31.71,15.8,913.34,97.25,10.68,3.09,-Inf,15.11,377.54
"Kluskus","2014","min",-29.86,-35.79,-20.21,0,864.6,37.72,-32,0,Inf,0.25,2.9
"Kluskus","2014","obs_na",63,63,63,63,63,63,63,77,365,63,63
"Kluskus","2015","mean",0.91,-5.52,7.09,1.28,888.18,79.16,-2.95,0.42,NA,5.74,134.35
"Kluskus","2015","max",19.63,11.47,30.04,19.6,903.35,98.3,11.58,2.21,-Inf,16.37,379.73
"Kluskus","2015","min",-21.85,-28.09,-17.99,0,858.65,38.79,-23.32,0,Inf,0,3.83
"Kluskus","2015","obs_na",80,80,79,0,0,80,80,90,365,79,0
"Kluskus","2016","mean",2.59,-3.86,8.92,1.27,887.27,79.94,-1.19,0.41,NA,5.62,131.12
"Kluskus","2016","max",17.63,11.57,28.17,20.6,904.82,99.98,11.54,3.15,-Inf,28.71,385.52
"Kluskus","2016","min",-28.81,-34.18,-19.75,0,862.86,45.88,-30.88,0,Inf,0,5.15
"Kluskus","2016","obs_na",0,0,0,0,0,0,0,12,366,0,0
"Kluskus","2017","mean",1.24,-6.09,8.26,0.87,887.17,77.07,-3.07,0.43,NA,5.85,132.55
"Kluskus","2017","max",17.88,8.57,29.89,15.8,908.57,98.85,11.45,2.68,-Inf,14.1,379.42
"Kluskus","2017","min",-27.37,-35.62,-19.65,0,858.88,45.24,-31.06,0,Inf,0,6.02
"Kluskus","2017","obs_na",0,0,0,0,0,0,0,0,365,0,0
"Kluskus","2018","mean",3.15,-4.94,10.3,0.89,888.4,74.33,-1.87,0.44,2.57,5.81,157.04
"Kluskus","2018","max",21.92,13.35,31.92,14.2,901.55,99.49,11.08,2.19,89.09,13.35,374.42
"Kluskus","2018","min",-26.71,-36.15,-18.08,0,869.13,42.39,-28.91,0,270.56,0.5,3.84
"Kluskus","2018","obs_na",0,0,0,0,0,0,0,0,151,0,0
"Mackenzie Junction","2010","mean",6.06,0.02,11.77,1.19,929.57,71.65,0.28,1.45,331.47,7.03,136.94
"Mackenzie Junction","2010","max",21.4,16.13,31.82,26.4,943.1,96.3,11.65,3.3,88.7,16,344
"Mackenzie Junction","2010","min",-21.92,-26.08,-19.15,0,905.1,34.6,-27.88,0,270.2,0,3.5
"Mackenzie Junction","2010","obs_na",1,1,1,1,1,1,1,1,1,1,1
"Mackenzie Junction","2011","mean",0.12,-4.83,4.67,0.92,929.55,82.49,-2.81,1.45,351.9,6.66,63.7
"Mackenzie Junction","2011","max",19.45,13.02,28.27,11.2,950.7,95.5,12.83,3.2,88.8,18.7,284.2
"Mackenzie Junction","2011","min",-25.65,-31.55,-23.78,0,904,56.4,-28.93,0,271.3,0,4.6
"Mackenzie Junction","2011","obs_na",179,179,178,270,178,179,179,178,178,178,179
"Mackenzie Junction","2012","mean",2.45,-3.66,8.37,1.17,927.82,75.21,-2.16,1.41,353.38,6.84,96.09
"Mackenzie Junction","2012","max",20.81,17.3,30.44,18.2,946.8,95.9,13.88,3.3,90,14.5,345.2
"Mackenzie Junction","2012","min",-34.99,-40.82,-27.28,0,904.8,42.6,-38.5,0,270.1,1.7,2.8
"Mackenzie Junction","2012","obs_na",0,0,0,163,0,0,0,0,0,0,124
"Mackenzie Junction","2013","mean",3.65,-2.44,9.48,1.23,930.06,77.64,-0.52,1.2,345.34,6.53,114.52
"Mackenzie Junction","2013","max",20.85,14.07,31.87,25.2,948.9,96.9,14.19,3.6,90,18,360.9
"Mackenzie Junction","2013","min",-24.82,-30.9,-17.55,0,904.3,41.6,-27.26,0,270.2,0,2.8
"Mackenzie Junction","2013","obs_na",0,0,0,0,0,0,0,12,0,12,110
"Mackenzie Junction","2014","mean",3.08,-3.23,8.95,1.15,929.84,75.01,-1.71,1.23,341.4,6.4,130.7
"Mackenzie Junction","2014","max",23.35,12.8,35.02,29.2,961,97.8,12.89,3.4,89.9,13.7,371.7
"Mackenzie Junction","2014","min",-27.32,-36.51,-19.06,0,900,32.9,-30.47,0,270.9,0,3.8
"Mackenzie Junction","2014","obs_na",0,0,0,0,40,0,0,0,0,0,0
"Mackenzie Junction","2015","mean",4.16,-1.65,9.74,1.4,931.08,77.89,-0.02,1.27,344.65,6.6,127.04
"Mackenzie Junction","2015","max",23.04,14.05,31.94,24.2,951.7,97.5,14.97,2.8,89.7,14.3,373.3
"Mackenzie Junction","2015","min",-21.02,-26.43,-17.77,0,910,39.8,-23.89,0,270.1,0,2.3
"Mackenzie Junction","2015","obs_na",0,0,0,0,0,0,0,11,0,11,0
"Mackenzie Junction","2016","mean",3.99,-1.52,9.4,1.71,930.79,80.17,0.29,1.16,344.05,6.09,125.71
"Mackenzie Junction","2016","max",19.25,14.6,29.41,46.4,954.4,98,13.91,2.8,89.7,13,381.6
"Mackenzie Junction","2016","min",-26.33,-29.66,-20.4,0,905.5,41.9,-28.77,0,270.4,0,3.5
"Mackenzie Junction","2016","obs_na",0,0,0,0,0,0,0,0,0,0,0
"Mackenzie Junction","2017","mean",2.64,-3.33,8.33,1.36,931.65,77.23,-1.51,1.27,342.87,6.7,127.94
"Mackenzie Junction","2017","max",20.68,12.53,33.57,41.4,955.2,96.5,13.49,3,89.8,15.4,371
"Mackenzie Junction","2017","min",-30.51,-37.25,-24.11,0,903.6,49.3,-33.1,0,270.1,0,5
"Mackenzie Junction","2017","obs_na",0,0,0,0,0,0,0,0,0,0,0
"Mackenzie Junction","2018","mean",3.87,-3.47,10.52,0.79,933.09,72.85,-1.28,1.23,344.46,6.82,156.22
"Mackenzie Junction","2018","max",23.25,14.12,33.76,26,949,96.9,14.84,2.6,89.9,15.4,348
"Mackenzie Junction","2018","min",-29.93,-37.06,-24.99,0,913.3,47.2,-32.9,0,270.3,1.3,4.2
"Mackenzie Junction","2018","obs_na",0,0,0,0,0,0,0,21,0,21,0
"McBride Peak","2009","mean",-0.89,-3.3,1.94,0.89,795.09,78.95,NA,4.7,333.77,13.57,96.91
"McBride Peak","2009","max",17.23,13.86,22.11,10,806.71,97.26,-Inf,10.54,89.2,27.27,220.04
"McBride Peak","2009","min",-13.15,-17.08,-9.2,0,781.2,30.98,Inf,0,270.37,0,14.62
"McBride Peak","2009","obs_na",51,51,51,52,51,51,114,51,51,51,51
"McBride Peak","2010","mean",-3.68,-5.78,-1.46,1.07,795.84,84.04,NA,4.04,24.47,12.41,66.96
"McBride Peak","2010","max",12.2,9.39,15.89,13.2,812.91,97.06,-Inf,11.06,89.09,24.49,213.37
"McBride Peak","2010","min",-27.55,-29.52,-25.56,0,775.73,20.62,Inf,0,270.67,0,11.28
"McBride Peak","2010","obs_na",242,243,242,242,255,242,365,242,242,242,242
"McBride Peak","2011","mean",-0.19,-2.57,2.6,0.77,795.83,84.08,NA,3.18,349.78,9.87,129.34
"McBride Peak","2011","max",16.15,13.16,19.96,24.2,812.44,97.45,-Inf,9.24,88.86,20.41,310.05
"McBride Peak","2011","min",-18.95,-20.64,-16.87,0,774.48,38.15,Inf,0,272.71,0,5.87
"McBride Peak","2011","obs_na",192,192,192,191,203,191,365,264,249,264,267
"McBride Peak","2012","mean",-1.23,-3.47,1.12,0.84,794.83,82.02,-4.48,4.02,332.01,11.29,73.13
"McBride Peak","2012","max",18.48,15.51,22.82,16.2,818.64,97.69,5.85,9.51,88.33,23.93,239.16
"McBride Peak","2012","min",-16.29,-18.03,-13.32,0,771.67,32.98,-18.14,0,270.28,0,0.6
"McBride Peak","2012","obs_na",236,237,236,236,237,236,236,250,240,246,237
"McBride Peak","2013","mean",-3.08,-5.32,-0.64,0.71,796.12,82.25,-5.93,3.37,NA,10.21,71.28
"McBride Peak","2013","max",18.02,15.58,21.84,18,808.79,97.45,8.29,8.69,-Inf,21.34,226.92
"McBride Peak","2013","min",-23.57,-24.99,-21.37,0,776.27,37.2,-30.29,0,Inf,0,5.92
"McBride Peak","2013","obs_na",247,247,246,246,251,246,246,251,365,251,247
"McBride Peak","2014","mean",-0.13,-2.48,2.44,1.31,796.27,81.29,-3.6,3.95,NA,12.32,142.06
"McBride Peak","2014","max",19.16,16.65,22.37,32.4,813.56,100,9.19,10.36,-Inf,40.82,408.27
"McBride Peak","2014","min",-25.18,-29.06,-21.03,0,769.76,20.57,-28.15,0,Inf,0,6.54
"McBride Peak","2014","obs_na",199,199,198,0,9,199,199,18,365,18,0
"McBride Peak","2015","mean",0.28,-2.25,3,1.13,794.21,79.81,-3.52,3.67,NA,11.97,137.45
"McBride Peak","2015","max",18.5,14.63,22.18,22.6,808.4,100,8.63,13.24,-Inf,23.92,374.37
"McBride Peak","2015","min",-21.85,-24.16,-16.7,0,773.83,11.78,-25.59,0,Inf,0,9.62
"McBride Peak","2015","obs_na",0,0,0,0,235,0,0,46,365,44,0
"McBride Peak","2016","mean",-0.08,-2.34,2.49,1.27,795.1,83.44,-3.06,3.38,340.44,11.17,133.17
"McBride Peak","2016","max",14.45,11.86,18.75,17.8,810.66,100,8.49,9.46,89.39,25.18,401.09
"McBride Peak","2016","min",-22.59,-26.08,-19.1,0,763.63,11.84,-27.65,0,270.74,0,9.46
"McBride Peak","2016","obs_na",0,0,0,0,13,0,0,7,265,7,0
"McBride Peak","2017","mean",-1.3,-3.83,1.45,1,796.49,81.31,-4.76,3.93,348.86,12.33,135.45
"McBride Peak","2017","max",19.86,16.51,23.38,28.2,813.65,100,8.6,13.08,89.5,29.43,382.55
"McBride Peak","2017","min",-24.5,-26.85,-23.2,0,776.61,30.87,-29.24,0,270.6,0,8.16
"McBride Peak","2017","obs_na",0,0,0,0,200,0,0,20,200,20,0
"McBride Peak","2018","mean",0.23,-2.35,3.07,1.35,795.82,78.83,-3.68,4.24,349.69,12.61,156.55
"McBride Peak","2018","max",18.7,15.56,22.99,27.2,808.56,100,7.17,10.13,89.03,27.09,370.83
"McBride Peak","2018","min",-22.69,-24.21,-20.26,0,776.34,27.92,-25.2,1.24,270.21,5.26,13.95
"McBride Peak","2018","obs_na",0,0,0,0,0,0,0,0,0,0,0
"Middlefork Creek","2007","mean",-1.86,-9.76,5.88,1.36,899.19,77.71,-5.87,1.28,13.39,6.46,90.41
"Middlefork Creek","2007","max",19.51,11.77,32.34,38.8,916.03,96,13.3,3.36,89.3,12.8,332.3
"Middlefork Creek","2007","min",-35.21,-43.24,-31.29,0,877.97,50.4,-38.8,0.16,271.1,1.48,3.5
"Middlefork Creek","2007","obs_na",1,1,1,1,1,1,1,1,1,1,1
"Middlefork Creek","2008","mean",-3.15,-12.58,5.33,1.46,899.87,73,-8.35,1.35,5.45,6.88,119.04
"Middlefork Creek","2008","max",17.3,10.99,29.5,94.2,919.1,98.5,12.1,3.94,89.6,18.18,352.9
"Middlefork Creek","2008","min",-43.7,-53.55,-30.16,0,868.99,37.2,-48.3,0,270.1,0,3.2
"Middlefork Creek","2008","obs_na",0,0,0,0,0,0,0,0,0,0,0
"Middlefork Creek","2009","mean",-3.48,-12.51,4.61,1.12,901.32,74.33,-8.32,1.2,352.9,6.74,126.99
"Middlefork Creek","2009","max",18.99,9.82,30.71,34.4,929.74,100,13.5,4.94,90,18,359.7
"Middlefork Creek","2009","min",-46.5,-50.4,-37.96,0,872.28,33.2,-51.3,0,270.6,0,4.7
"Middlefork Creek","2009","obs_na",0,0,0,0,3,0,0,0,0,0,0
"Middlefork Creek","2010","mean",-8.5,-16.28,-0.38,0.34,898.68,75.09,-12.96,0.91,352.88,5.92,101.37
"Middlefork Creek","2010","max",7.47,-1.05,21.71,13.4,918.57,96.9,0.7,3.44,87.5,13.54,303.1
"Middlefork Creek","2010","min",-32.29,-36.46,-25.18,0,871.35,45,-35.5,0,270.1,0,8.1
"Middlefork Creek","2010","obs_na",239,239,239,239,239,239,239,239,239,239,239
"Middlefork Creek","2011","mean",-7.27,-15.93,1.04,0.44,894.15,79.7,-10.86,0.98,346.46,6.45,53.78
"Middlefork Creek","2011","max",12.57,6.22,20.19,10.4,914.39,100,5.8,3.63,87.8,13.92,212.9
"Middlefork Creek","2011","min",-29.99,-35.06,-23.44,0,872.34,46.6,-32.8,0,273.4,0,4.5
"Middlefork Creek","2011","obs_na",256,256,255,255,255,256,256,255,255,255,256
"Middlefork Creek","2012","mean",-3.2,-12.13,4.94,1.43,898.24,76.54,-7.94,1,353.5,6.7,129.35
"Middlefork Creek","2012","max",17.63,9.03,30.31,54.82,917.88,100,13.7,4.28,89.8,14.1,364
"Middlefork Creek","2012","min",-41.22,-47.72,-33.73,0,875.59,35.8,-45.6,0,271.6,0,6
"Middlefork Creek","2012","obs_na",0,0,0,0,0,0,0,0,0,0,0
"Middlefork Creek","2013","mean",-2.38,-11.37,6.16,1.09,900.61,78.58,-6.7,1.12,357.07,6.71,125.55
"Middlefork Creek","2013","max",18.79,11.38,29.5,26.2,920.07,100,13.4,4.14,90,13.54,348.6
"Middlefork Creek","2013","min",-35.79,-41.33,-30.17,0,876.87,41.5,-39.2,0,270.2,0,3.7
"Middlefork Creek","2013","obs_na",0,0,0,0,0,0,0,6,0,0,7
"Middlefork Creek","2014","mean",-2.28,-11.85,6.43,0.81,899.96,77.24,-6.99,1.23,355.99,6.43,132.39
"Middlefork Creek","2014","max",19,9.42,32.34,17.4,923.27,100,11,3.97,89.7,18.74,356.3
"Middlefork Creek","2014","min",-35.97,-43.24,-27.06,0,876.1,45.7,-41.3,0,270.1,0,6.2
"Middlefork Creek","2014","obs_na",16,16,16,16,16,16,16,28,16,16,17
"Middlefork Creek","2015","mean",-4.3,-13.01,4.46,0.51,896.4,79.59,-8.11,1.04,352.7,5.79,81.86
"Middlefork Creek","2015","max",16.55,7.83,23.24,8.2,915.7,100,10.5,3.19,89,12.99,262
"Middlefork Creek","2015","min",-32.44,-37.97,-24.3,0,877.15,38.1,-35.5,0,270.1,0,4.4
"Middlefork Creek","2015","obs_na",219,219,218,218,218,219,219,218,218,218,219
"Middlefork Creek","2016","mean",-1.36,-9.74,6.55,2.02,899.48,81.29,-5.27,1.13,358.06,6.33,121.87
"Middlefork Creek","2016","max",16.01,10.99,26.73,72.4,922.54,100,13.5,4.37,89.5,17.07,384.9
"Middlefork Creek","2016","min",-33.79,-39.58,-27.06,0,877.98,44.6,-37.3,0,271.5,0,4
"Middlefork Creek","2016","obs_na",0,0,0,0,0,0,0,0,0,0,0
"Middlefork Creek","2017","mean",-2.27,-11.46,5.65,1,899.53,77.77,-6.76,1.04,5.85,6.68,126.7
"Middlefork Creek","2017","max",18.42,10.6,32.59,22,919.63,100,11.6,3.77,90,16.51,374.5
"Middlefork Creek","2017","min",-39.61,-45.35,-29.06,0,873.45,38.7,-42.7,0,270.4,1.48,6
"Middlefork Creek","2017","obs_na",0,0,0,0,0,0,0,0,0,0,0
"Middlefork Creek","2018","mean",-1.9,-11.61,6.36,1.38,901,73.83,-6.96,0.87,18.44,6.77,162.78
"Middlefork Creek","2018","max",20.39,8.05,31.92,47.4,918.27,98.8,12.9,3.97,90,14.09,372.6
"Middlefork Creek","2018","min",-42.02,-46.42,-30.9,0,879.95,45.5,-45.1,0,270.1,0,5.2
"Middlefork Creek","2018","obs_na",0,0,0,0,0,0,0,0,0,0,0
"Mt Edziza","2015","mean",-4.57,-6.18,-2.93,NA,821.14,89.87,-6.22,3.13,NA,8.93,40.34
"Mt Edziza","2015","max",5.59,4.61,6.97,-Inf,841.23,100,5.4,12.04,-Inf,25.51,132.33
"Mt Edziza","2015","min",-16.53,-18.88,-14.24,Inf,802.09,27.95,-19.08,0,Inf,0,4.88
"Mt Edziza","2015","obs_na",0,0,0,113,0,0,0,0,113,0,0
"Mt Edziza","2016","mean",-0.79,-2.91,1.62,0.81,826,86.67,-3.07,2.5,NA,8.68,101.61
"Mt Edziza","2016","max",15.85,12.34,20.1,17.6,847.4,100,9.7,12.1,-Inf,30.07,346.25
"Mt Edziza","2016","min",-25.89,-29.12,-22.83,0,802.62,32.31,-28.46,0,Inf,0,0.6
"Mt Edziza","2016","obs_na",0,0,0,218,0,0,0,0,366,0,0
"Mt Edziza","2017","mean",-2.46,-4.99,0.25,NA,827.04,84.41,-5.08,1.42,NA,7.36,NA
"Mt Edziza","2017","max",18.17,14.24,22.85,-Inf,846.01,100,7.83,11.56,-Inf,29.69,-Inf
"Mt Edziza","2017","min",-23.67,-25.73,-22.58,Inf,795.48,34.63,-27.53,0,Inf,0,Inf
"Mt Edziza","2017","obs_na",0,0,0,365,22,0,0,0,365,0,365
"Mt Edziza","2018","mean",-3.4,-6.26,-0.42,NA,823.62,81.56,-6.56,1.09,NA,7.77,NA
"Mt Edziza","2018","max",19.06,15.63,25.02,-Inf,839.8,99.99,6.81,10.33,-Inf,27.41,-Inf
"Mt Edziza","2018","min",-26.04,-28.79,-22.99,Inf,798.2,26.96,-27.78,0,Inf,0,Inf
"Mt Edziza","2018","obs_na",0,0,0,194,137,0,0,0,194,0,194
"Nonda","2007","mean",-1.54,-3.83,1.06,2.8,821.47,76.85,-5.38,4.29,21.46,17.54,83.12
"Nonda","2007","max",18.84,16.38,22.09,25,836.48,99.99,10.2,7.99,87.63,38.41,273.28
"Nonda","2007","min",-37.09,-39.58,-33.73,0,800.41,30.17,-40.4,0,271.2,0,4.57
"Nonda","2007","obs_na",1,1,1,117,1,1,1,1,1,1,1
"Nonda","2008","mean",-3.63,-6.32,-0.61,0.98,821.82,73.06,-8.18,4.2,18.44,16.69,119.39
"Nonda","2008","max",17.92,14.85,22.86,29.4,838.64,100,10,7.66,89.85,46.94,370.1
"Nonda","2008","min",-35.85,-39.58,-32.48,0,791.76,19.75,-39.1,0.08,270.26,2.04,4.67
"Nonda","2008","obs_na",15,13,16,176,0,15,15,0,0,0,0
"Nonda","2009","mean",-2.86,-5.83,0.25,0.94,823.33,72.15,-7.84,3.64,18.62,15.45,126.82
"Nonda","2009","max",19.58,16.38,22.48,37.2,846.9,100,12,8.18,89.95,46.94,352.45
"Nonda","2009","min",-30.92,-35.05,-29.08,0,796.09,16.4,-33.6,0,270.2,0,4.98
"Nonda","2009","obs_na",0,0,0,0,0,0,0,0,0,0,0
"Nonda","2010","mean",-0.07,-3.03,3.03,0.74,823.01,69.63,-5.6,3.54,7.62,14.53,160.3
"Nonda","2010","max",17.03,14.47,20.19,26.6,841.16,100,9.03,7.52,88.89,32.28,391.04
"Nonda","2010","min",-25.54,-30.16,-20.23,0,795.39,18.63,-27.98,0,270.71,0,6.96
"Nonda","2010","obs_na",140,140,140,140,140,140,140,140,140,140,140
"Nonda","2011","mean",NA,NA,NA,NA,NA,NA,NA,NA,NA,NA,NA
"Nonda","2011","max",-Inf,-Inf,-Inf,-Inf,-Inf,-Inf,-Inf,-Inf,-Inf,-Inf,-Inf
"Nonda","2011","min",Inf,Inf,Inf,Inf,Inf,Inf,Inf,Inf,Inf,Inf,Inf
"Nonda","2011","obs_na",365,365,365,365,365,365,365,365,365,365,365
"Nonda","2012","mean",NA,NA,NA,NA,NA,NA,NA,NA,NA,NA,NA
"Nonda","2012","max",-Inf,-Inf,-Inf,-Inf,-Inf,-Inf,-Inf,-Inf,-Inf,-Inf,-Inf
"Nonda","2012","min",Inf,Inf,Inf,Inf,Inf,Inf,Inf,Inf,Inf,Inf,Inf
"Nonda","2012","obs_na",366,366,366,366,366,366,366,366,366,366,366
"Nonda","2013","mean",-6.02,-9.39,-2.81,0.52,818.89,78.66,-9.61,3.83,NA,12.82,45.17
"Nonda","2013","max",14.35,9.82,19.04,17,832.46,100,4.4,10.4,-Inf,27.7,186.2
"Nonda","2013","min",-30.52,-32.48,-29.09,0,802.95,26.88,-33.1,0,Inf,0,4.5
"Nonda","2013","obs_na",254,254,253,253,336,254,254,336,365,336,254
"Nonda","2014","mean",0.28,-2.67,3.19,1.05,827.04,73.67,-4.75,4.76,NA,15.12,90.93
"Nonda","2014","max",19.41,16,24,17,836.69,100,9.68,19.4,-Inf,43.6,334.64
"Nonda","2014","min",-26,-27.06,-25.2,0,813.48,13.5,-28.18,0,Inf,0,5.35
"Nonda","2014","obs_na",178,178,177,270,284,178,178,192,365,192,178
"Nonda","2015","mean",-1.06,-4.1,2.08,NA,NA,70.86,-6.46,5.37,NA,16.42,148.73
"Nonda","2015","max",16.4,11.38,21,-Inf,-Inf,100,10.03,17.5,-Inf,40.8,358.07
"Nonda","2015","min",-35.47,-37.97,-31.3,Inf,Inf,25.08,-38.63,0,Inf,0,5.61
"Nonda","2015","obs_na",170,170,170,365,365,170,170,170,365,170,171
"Nonda","2016","mean",-3.82,-5.94,-1.31,0.74,823.35,77.66,-7.6,4.76,NA,14.27,67.99
"Nonda","2016","max",12.54,9.82,16.38,35.6,841.9,100,8.22,15.64,-Inf,36.76,264.88
"Nonda","2016","min",-31.37,-33.73,-27.06,0,801.5,26.6,-34.09,0,Inf,0,6.29
"Nonda","2016","obs_na",223,223,223,223,223,223,223,223,366,223,223
"Nonda","2017","mean",-0.71,-3.44,2.36,0.83,823.45,74.5,-5.27,5.45,24.57,15.87,120.98
"Nonda","2017","max",20.24,18.08,24.51,20.8,842.85,100,8.85,20.56,88.92,44.57,365.57
"Nonda","2017","min",-32.76,-35.06,-29.09,0,797.16,31.27,-35.65,0.06,270.85,2.77,4.83
"Nonda","2017","obs_na",79,79,79,0,0,79,79,0,221,0,0
"Nonda","2018","mean",0.96,-1.6,3.83,0.84,824.68,71.99,-4.2,5.59,19.24,15.66,151.97
"Nonda","2018","max",16.93,14.22,20.06,38.2,842.09,100,5.1,18.3,89.95,39.56,363.33
"Nonda","2018","min",-9.27,-11.47,-7.22,0,803.25,26.68,-11.44,0,270.15,0.19,5.71
"Nonda","2018","obs_na",226,226,225,0,0,226,226,0,0,0,0
"Northern Dancer","2017","mean",-7.26,-9.24,-5.26,0.43,NA,82.68,-9.95,2.51,NA,10.77,38.09
"Northern Dancer","2017","max",7.52,5.69,9.73,12.2,-Inf,96.18,5.48,10,-Inf,25.16,160.67
"Northern Dancer","2017","min",-24.28,-25.44,-22.42,0,Inf,27.62,-31.28,0,Inf,0,3.68
"Northern Dancer","2017","obs_na",0,0,0,0,103,0,0,0,103,0,0
"Northern Dancer","2018","mean",-2.54,-5.15,0.41,0.94,NA,77.63,-6.26,2.22,NA,9.95,155.29
"Northern Dancer","2018","max",17.19,15.37,22.23,23.4,-Inf,95.99,9.3,8.77,-Inf,23.65,400.46
"Northern Dancer","2018","min",-28.7,-30.76,-26.49,0,Inf,37.19,-31.18,0,Inf,0,4.88
"Northern Dancer","2018","obs_na",0,0,0,0,229,0,0,149,229,149,0
"Pink Mountain","2008","mean",-5.21,-7.76,-2.21,0.23,812.69,71.72,-10.06,4.75,8.89,16.2,59.54
"Pink Mountain","2008","max",13.91,12.16,17.52,4.6,826.85,98.57,4.91,5.72,67.98,22.45,208.27
"Pink Mountain","2008","min",-30.27,-31.29,-25.18,0,792.4,13.33,-34.76,2.74,318.05,9.46,6.91
"Pink Mountain","2008","obs_na",1,1,1,1,1,1,1,106,106,106,1
"Pink Mountain","2009","mean",-3.45,-6.39,-0.57,0.85,814.91,72.07,-8.45,5.07,349.7,15.57,133.43
"Pink Mountain","2009","max",20.46,14.85,24.79,33.8,835.8,100,10.32,7.46,48.13,27.65,370.72
"Pink Mountain","2009","min",-30.35,-33.73,-29.08,0,788.45,15.83,-33.86,2.29,282.95,7.61,9.15
"Pink Mountain","2009","obs_na",27,25,30,0,0,27,27,334,334,334,0
"Pink Mountain","2010","mean",-8.35,-10.77,-5.87,1.15,813.91,73.96,-12.66,NA,NA,NA,130.72
"Pink Mountain","2010","max",5.48,3.74,7.43,40.4,832.05,98.71,-2.02,-Inf,-Inf,-Inf,380.78
"Pink Mountain","2010","min",-26.23,-31.29,-25.18,0,787.07,23.15,-30.73,Inf,Inf,Inf,5.98
"Pink Mountain","2010","obs_na",229,227,234,87,0,229,229,365,365,365,0
"Pink Mountain","2011","mean",-10.52,-12.93,-7.75,0.17,812.93,76.97,-13.95,6.19,NA,19.48,129.86
"Pink Mountain","2011","max",7.04,2.88,11.57,7,827.9,96.41,2.11,10.82,-Inf,34.64,369.11
"Pink Mountain","2011","min",-36.65,-37.96,-36.46,0,788.6,39.28,-40.77,0.51,Inf,4.95,8.68
"Pink Mountain","2011","obs_na",206,203,209,258,0,206,206,258,365,258,0
"Pink Mountain","2012","mean",-2.04,-4.78,0.86,0.98,813.76,72.68,-6.81,4.62,NA,14.67,146.99
"Pink Mountain","2012","max",18.07,15.99,21.41,35.4,829.75,99.65,10.27,10.93,-Inf,31.22,387.03
"Pink Mountain","2012","min",-34.95,-36.51,-32.37,0,787.1,29.6,-37.98,0,Inf,0,7.58
"Pink Mountain","2012","obs_na",12,12,13,12,12,12,12,12,366,12,12
"Pink Mountain","2013","mean",-5.64,-8.82,-2.3,0.51,814.43,76.46,-9.46,4.67,NA,15.39,60.28
"Pink Mountain","2013","max",15.12,11.93,20.84,13.4,832.01,97.06,5.53,12.02,-Inf,31.98,208.42
"Pink Mountain","2013","min",-28.02,-29.45,-26.97,0,796.13,33.59,-30.5,0,Inf,0,5.4
"Pink Mountain","2013","obs_na",255,255,254,254,254,255,255,254,365,254,255
"Pink Mountain","2014","mean",-1.35,-4.27,1.64,0.83,815.45,70.22,-6.76,4.5,NA,14.5,143.12
"Pink Mountain","2014","max",21.64,19.22,25.48,87.61,833.69,99.8,8.42,14.13,-Inf,36.17,409.16
"Pink Mountain","2014","min",-28.53,-30.76,-26.79,0,788.82,16.64,-35.41,0,Inf,0,6.91
"Pink Mountain","2014","obs_na",0,0,0,0,182,0,0,0,365,0,0
"Pink Mountain","2015","mean",-0.59,-3.17,2.18,0.81,815.63,71.97,-5.57,4.85,NA,15.87,143.53
"Pink Mountain","2015","max",16.77,13.35,20.75,29.4,831.77,99.61,9.2,12.42,-Inf,33.88,402.23
"Pink Mountain","2015","min",-32.3,-33.45,-30.83,0,793.16,18.28,-35.07,0,Inf,0,4.2
"Pink Mountain","2015","obs_na",0,0,0,0,0,0,0,0,365,0,0
"Pink Mountain","2016","mean",-0.7,-3.19,1.94,1.32,817.49,75.72,-4.92,4.36,NA,13.83,133.81
"Pink Mountain","2016","max",15.01,11.78,18.11,41.6,833.02,100,10.11,12.18,-Inf,33.12,399.62
"Pink Mountain","2016","min",-27.09,-30.34,-26.55,0,792.9,19.66,-29.47,0,Inf,0,7.53
"Pink Mountain","2016","obs_na",0,0,0,0,126,0,0,0,366,0,0
"Pink Mountain","2017","mean",-2.07,-4.82,0.89,0.68,817.3,74.38,-6.53,4.94,13.28,15.56,142.54
"Pink Mountain","2017","max",20.09,17.15,23.47,26.8,834.96,99.26,9.67,12.66,89.03,35.4,421.35
"Pink Mountain","2017","min",-28.51,-31.19,-26.14,0,794.38,21,-30.88,0,270.43,0,9.1
"Pink Mountain","2017","obs_na",0,0,0,0,205,0,0,0,205,0,0
"Pink Mountain","2018","mean",-0.98,-3.87,2.12,1.21,818.04,71.85,-6.03,4.58,10.07,14.35,161.95
"Pink Mountain","2018","max",20.37,17.63,23.55,45.6,833.88,99.05,10.28,13.69,89.5,29.43,389.84
"Pink Mountain","2018","min",-32.43,-34.26,-29.19,0,796.8,24.28,-35.2,0,270.44,0,11.39
"Pink Mountain","2018","obs_na",0,0,0,0,0,0,0,0,0,0,0
"Saxton Lake","2007","mean",4.21,-1.8,9.5,1.35,928.18,80.09,0.58,1.68,352.43,7.22,111.47
"Saxton Lake","2007","max",20.97,14.85,32.76,21.8,947.65,98.2,14.3,4.97,87.28,19.48,411.34
"Saxton Lake","2007","min",-28.96,-35.05,-21,0,901.64,54.2,-31.6,0.01,270.96,1.11,6.75
"Saxton Lake","2007","obs_na",1,1,0,0,0,1,1,0,0,0,0
"Saxton Lake","2008","mean",2.48,-4.26,8.41,1.13,928.32,75.99,-1.93,1.68,353.32,7.56,135.72
"Saxton Lake","2008","max",21.15,12.93,30.71,30.6,946.66,99.9,14.4,5.31,89.33,16.33,382.34
"Saxton Lake","2008","min",-35.01,-41.33,-27.06,0,892.74,40.7,-38.4,0.1,270.48,1.11,6.49
"Saxton Lake","2008","obs_na",0,0,0,0,0,0,0,0,0,0,0
"Saxton Lake","2009","mean",2.22,-4.87,8.37,0.89,929.03,75.41,-2.47,1.58,351.42,7.16,145.58
"Saxton Lake","2009","max",21.69,15.23,31.93,28.6,953.34,100,14.6,5.01,89.22,23.93,370.25
"Saxton Lake","2009","min",-34.67,-41.33,-24.29,0,904,44.2,-38,0,272.24,0,4.25
"Saxton Lake","2009","obs_na",0,0,0,0,0,0,0,0,0,0,0
"Saxton Lake","2010","mean",4.03,-2.43,9.66,0.97,926.74,75.15,-0.87,1.63,347.4,7.24,141.62
"Saxton Lake","2010","max",19.73,14.09,30.71,20.8,946.67,100,12.3,5.66,88.97,17.44,375.72
"Saxton Lake","2010","min",-29.87,-35.05,-20.23,0,897.25,40.1,-32.6,0,270.08,0,7.38
"Saxton Lake","2010","obs_na",0,0,0,0,0,0,0,0,0,0,0
"Saxton Lake","2011","mean",2.33,-4.03,7.87,1.18,927.06,78.18,-1.6,1.44,1.8,7.25,134.1
"Saxton Lake","2011","max",17.29,12.93,27.52,35.8,948.45,100,14,5.56,88.62,17.44,396.66
"Saxton Lake","2011","min",-26.81,-37.96,-21.79,0,902.55,53.9,-30.4,0,270.49,0,5.77
"Saxton Lake","2011","obs_na",0,0,0,0,0,0,0,0,0,0,0
"Saxton Lake","2012","mean",2.91,-3.85,8.9,1,926.8,77.11,-1.46,1.53,354.7,6.91,146.31
"Saxton Lake","2012","max",20.17,13.32,30.31,28.2,945.72,100,14.2,5.36,89.85,15.77,383.07
"Saxton Lake","2012","min",-36.05,-43.24,-25.19,0,902.35,40.9,-40.3,0,270.43,0,6.29
"Saxton Lake","2012","obs_na",0,0,0,0,0,0,0,0,0,0,0
"Saxton Lake","2013","mean",3.95,-2.94,10.11,1.07,929.44,80.42,0.06,1.41,350.26,6.81,150
"Saxton Lake","2013","max",21.38,13.7,32.34,16.2,946.42,100,14.7,4.16,89.91,17.25,396.45
"Saxton Lake","2013","min",-25.8,-32.48,-19.49,0,903.38,45.7,-28,0.05,270.01,1.11,5.09
"Saxton Lake","2013","obs_na",0,0,0,0,0,0,0,9,0,9,0
"Saxton Lake","2014","mean",3.28,-3.63,9.34,0.92,928.63,78.18,-1.1,1.44,351.12,6.58,150.2
"Saxton Lake","2014","max",23.07,15.23,33.59,15.4,958.25,100,14.6,4.38,89.85,14.66,406.56
"Saxton Lake","2014","min",-30.81,-39.58,-18.05,0,899.92,36.7,-34,0,270.33,0,4.3
"Saxton Lake","2014","obs_na",0,0,0,0,0,0,0,22,0,10,0
"Saxton Lake","2015","mean",4.56,-1.94,10.23,1.15,928.58,82.01,0.93,1.34,351.62,6.42,144.11
"Saxton Lake","2015","max",22.54,15.62,30.71,19.2,947.25,100,14.3,4.67,89.63,18.18,389.84
"Saxton Lake","2015","min",-17.99,-24.3,-16.01,0,902.5,41.9,-20.6,0,270.07,0,4.73
"Saxton Lake","2015","obs_na",0,0,0,0,0,0,0,0,0,0,0
"Saxton Lake","2016","mean",4.53,-1.44,9.94,1.44,927.76,83.86,1.34,1.42,348.53,6.72,140.29
"Saxton Lake","2016","max",19.7,14.09,27.52,31.2,950.31,100,14.3,4.23,89.91,16.14,401.4
"Saxton Lake","2016","min",-26.95,-31.3,-20.24,0,903,38.7,-29.2,0,270.02,0.19,5.3
"Saxton Lake","2016","obs_na",0,0,0,0,0,0,0,0,0,0,0
"Saxton Lake","2017","mean",2.79,-3.92,8.68,1.05,928.29,79.86,-1.17,1.51,357.47,7.11,144.79
"Saxton Lake","2017","max",19.67,12.55,32.76,19.6,952.29,100,14,4.55,89.73,17.81,390.31
"Saxton Lake","2017","min",-31.12,-36.46,-21.79,0,900.29,50.1,-33.5,0,270.18,0,8.53
"Saxton Lake","2017","obs_na",0,0,0,0,0,0,0,0,0,0,0
"Saxton Lake","2018","mean",4.19,-3.57,10.78,0.88,929.42,76.04,-0.49,1.53,2.9,6.74,177.05
"Saxton Lake","2018","max",21.38,14.09,33.17,32.6,946.92,100,14.3,5.88,89.9,16.14,385.51
"Saxton Lake","2018","min",-30.06,-37.97,-23.44,0,910.55,45.1,-32.6,0,270.13,0.19,7.06
"Saxton Lake","2018","obs_na",0,0,0,0,0,13,13,1,0,0,0
"Thompson","2007","mean",-1.77,-4.88,1.73,0.89,909.16,83.58,-4.44,1.55,0.85,6.57,52.98
"Thompson","2007","max",11.92,6.03,22.47,21.6,929.6,96.4,3.95,4.4,89,19.1,207.8
"Thompson","2007","min",-20.44,-21.57,-19.24,0,885.4,59.6,-23.01,0,274.9,0,5.4
"Thompson","2007","obs_na",1,1,1,1,1,1,1,1,1,1,1
"Thompson","2008","mean",2.5,-2.19,7.4,0.66,911.28,71.51,-2.81,1.81,1.41,7.6,127.28
"Thompson","2008","max",20.76,12.36,30.22,14.2,928.3,97.5,11.73,4.6,89.2,17.8,365
"Thompson","2008","min",-28.94,-34.43,-25.33,0,875,35.9,-32.69,0,271.2,0,4.5
"Thompson","2008","obs_na",0,0,0,0,0,0,0,0,0,0,0
"Thompson","2009","mean",2.5,-2.44,7.45,0.81,911.96,70.93,-3.03,1.66,356.97,7.34,135.4
"Thompson","2009","max",24.52,15.32,32.38,19.4,935.6,97.6,13.55,4.5,89.9,18.6,361.2
"Thompson","2009","min",-28.6,-32.91,-20.74,0,885,31,-31.33,0,270.1,0,6.6
"Thompson","2009","obs_na",0,0,0,0,0,0,0,0,0,0,0
"Thompson","2010","mean",3.68,-0.99,8.45,0.74,909.42,72.35,-1.65,1.59,345.74,7.07,134.6
"Thompson","2010","max",21.66,14.46,30.34,21.6,928.2,96.9,11.73,4.6,89.6,16.9,382.3
"Thompson","2010","min",-20.18,-24.71,-15.95,0,879.1,37.6,-22.64,0,270.1,0.2,4.3
"Thompson","2010","obs_na",0,0,0,0,0,0,0,0,0,0,0
"Thompson","2011","mean",0.56,-3.58,5,0.92,909.62,75.41,-3.73,1.65,353.71,7.47,109.07
"Thompson","2011","max",19.21,13.32,26.34,34.6,930,95.8,10.55,4.1,89.9,17.1,352.2
"Thompson","2011","min",-22.95,-27.52,-21.13,0,883.5,42.8,-27.94,0,270.6,0,4.1
"Thompson","2011","obs_na",57,57,56,57,57,57,57,57,57,57,57
"Thompson","2012","mean",5.26,0.23,10.58,0.74,910.83,67.23,-1.27,1.25,353.48,5.97,153.6
"Thompson","2012","max",21.84,14.09,31.12,17,928.7,96.5,11.55,3.5,89.3,19.7,364.5
"Thompson","2012","min",-31.63,-36.46,-26.11,0,884.3,35.3,-35.76,0,271.1,0,9
"Thompson","2012","obs_na",77,77,77,180,77,77,77,77,77,77,77
"Thompson","2013","mean",2.02,-2.25,7.62,0.41,915.95,88.29,0.04,0.8,0.47,4.33,69.86
"Thompson","2013","max",8.26,5.4,16.38,6.4,927.7,99.2,5.68,1.5,72.5,8.5,126.6
"Thompson","2013","min",-5.52,-10.56,-2.44,0,906.5,75,-5.85,0.5,278.5,2.8,23
"Thompson","2013","obs_na",342,341,341,341,341,341,342,341,341,341,341
"Thompson","2014","mean",-0.51,-3.7,3.21,1.36,910.26,88.79,-2.27,0.94,342,5.4,48.66
"Thompson","2014","max",16.16,9.42,24.79,19.4,940.1,100,9.96,2.4,90,12.8,167
"Thompson","2014","min",-22.38,-27.06,-17.36,0,888,50,-24.72,0.1,272.8,1.5,4.4
"Thompson","2014","obs_na",262,262,261,261,261,261,261,272,261,272,262
"Thompson","2015","mean",4.59,0.06,9.39,0.94,912.7,75.68,-0.24,1.11,359.64,6,133.86
"Thompson","2015","max",24.36,18.28,31.52,21.4,929.5,100,11.86,3.4,88.7,16,372.1
"Thompson","2015","min",-17.2,-18.76,-16.02,0,884.4,31.6,-19.48,0,270.2,0,4.2
"Thompson","2015","obs_na",0,0,0,0,0,0,0,21,0,11,0
"Thompson","2016","mean",4.42,-0.01,9.19,1.18,912.1,79.04,0.25,0.81,1.79,5.19,131.65
"Thompson","2016","max",19.06,14.47,27.12,38.8,931.7,100,13.38,2.5,89.2,14.5,386.7
"Thompson","2016","min",-22.38,-26.11,-18.76,0,887,27.3,-24.6,0,270.3,0,3.8
"Thompson","2016","obs_na",0,0,0,0,0,0,0,7,5,7,0
"Thompson","2017","mean",2.98,-1.87,8.12,1.19,912.61,75.64,-1.78,0.55,353.44,5.12,137.76
"Thompson","2017","max",22.71,12.51,31.23,34.8,935,100,11.87,2.5,89.6,12.4,401.9
"Thompson","2017","min",-22.12,-27.06,-18.52,0,882.2,39.8,-26.25,0,270.1,0,3.7
"Thompson","2017","obs_na",0,0,0,0,0,0,0,0,172,0,0
"Thompson","2018","mean",5,-0.54,10.65,0.71,914.26,70.49,-0.91,0.31,1.52,4.98,174.69
"Thompson","2018","max",24.9,15.61,34.26,16,928.4,99.7,12.05,1.6,86.9,11.8,386.3
"Thompson","2018","min",-22.79,-27.21,-18.39,0,893.6,35.3,-25.03,0,270.7,0.3,3.5
"Thompson","2018","obs_na",0,0,0,0,0,0,0,0,156,0,0
"Willow-Bowron","2007","mean",3.17,-2.18,8.63,1.61,943.83,84.07,0.33,0.3,22.18,4,66.42
"Willow-Bowron","2007","max",17.64,11.38,31.12,23.6,964.07,98.9,13.25,1.21,89.68,9.28,248.06
"Willow-Bowron","2007","min",-27.2,-32.48,-21.79,0,917.36,55.85,-29.69,0,270.6,0.74,2.59
"Willow-Bowron","2007","obs_na",1,1,1,1,1,1,1,27,27,27,1
"Willow-Bowron","2008","mean",4.17,-2.26,10.73,1.39,944,80.76,0.36,0.25,6.71,3.57,109.73
"Willow-Bowron","2008","max",22.23,13.32,32.76,28,962.8,100,16.12,1.21,89.96,8.53,279.68
"Willow-Bowron","2008","min",-30.88,-36.46,-26.1,0,908.1,33.25,-34.26,0,270.48,0.56,2.95
"Willow-Bowron","2008","obs_na",42,42,42,42,42,42,42,139,139,139,42
"Willow-Bowron","2009","mean",3.15,-3.27,9.64,1.33,944.91,80.47,-0.86,0.24,3.03,3.22,103.94
"Willow-Bowron","2009","max",21.88,12.16,34.01,21.6,968.55,100,15.03,1.31,89.85,9.09,324.73
"Willow-Bowron","2009","min",-33.54,-37.96,-27.06,0,920.16,36.4,-36.43,0,270.33,0,3.11
"Willow-Bowron","2009","obs_na",0,0,0,0,0,0,0,27,13,25,0
"Willow-Bowron","2010","mean",3.98,-2.24,10.01,1.06,941.67,76.4,-0.98,0.29,9.82,3.21,74.87
"Willow-Bowron","2010","max",16.4,10.99,27.52,21,964.95,100,13.21,1.07,89.98,7.42,279.93
"Willow-Bowron","2010","min",-27.73,-32.48,-21,0,912.7,39.69,-30.09,0,270.95,0,3.78
"Willow-Bowron","2010","obs_na",183,183,183,183,183,183,183,192,187,192,229
"Willow-Bowron","2011","mean",6.12,0.86,11.65,0.15,943.05,86.32,3.53,0.23,1.41,3.13,72.88
"Willow-Bowron","2011","max",17.29,14.09,26.73,2.8,962.8,100,15.77,1.35,87.62,7.42,233.16
"Willow-Bowron","2011","min",-17.3,-25.18,-13.48,0,917.99,47.31,-18.35,0,272.65,0,3.26
"Willow-Bowron","2011","obs_na",180,180,179,179,179,180,180,179,179,179,180
"Willow-Bowron","2012","mean",4.11,-1.68,10.12,0.95,942.31,81.31,0.31,0.2,357.23,2.96,91.35
"Willow-Bowron","2012","max",20.38,13.7,31.52,17.6,962.05,100,15.07,1.25,88.66,7.42,308.17
"Willow-Bowron","2012","min",-31.28,-35.05,-26.1,0,917.79,37.06,-34.43,0,270.17,0,1.65
"Willow-Bowron","2012","obs_na",0,0,0,0,0,0,0,146,146,146,0
"Willow-Bowron","2013","mean",7.01,0.87,13.63,1.53,944.6,81.76,3.02,0.28,2.59,3.1,112.39
"Willow-Bowron","2013","max",21.77,15.23,33.17,19.4,958.54,100,14.89,1.1,88.71,6.86,305.21
"Willow-Bowron","2013","min",-24.69,-29.08,-18.76,0,919.08,45.47,-26.53,0,270.08,0,3.63
"Willow-Bowron","2013","obs_na",71,70,71,71,71,71,71,71,71,71,71
"Willow-Bowron","2014","mean",8.36,2.06,14.68,1.18,944.7,78.91,3.27,0.06,NA,2.61,98.21
"Willow-Bowron","2014","max",21.63,15.62,35.27,16.6,974.67,100,15.23,0.61,-Inf,7.3,306.09
"Willow-Bowron","2014","min",-28.54,-32.48,-22.6,0,921.81,42.81,-31.5,0,Inf,0,1.96
"Willow-Bowron","2014","obs_na",140,140,139,139,139,140,140,204,365,204,140
"Willow-Bowron","2015","mean",4.42,-0.86,9.85,1.01,944.83,82.13,0.76,0.1,NA,2.91,78.7
"Willow-Bowron","2015","max",22.89,13.02,33.03,19.8,964.59,100,14.8,1.15,-Inf,7.55,303.54
"Willow-Bowron","2015","min",-17.13,-19.49,-14.72,0,918.24,35.58,-19.41,0,Inf,0,2.22
"Willow-Bowron","2015","obs_na",47,47,47,56,0,46,46,45,365,45,0
"Willow-Bowron","2016","mean",5.41,0.1,11.06,1.46,943.96,83.06,2.18,0.07,NA,2.53,70.44
"Willow-Bowron","2016","max",19.72,15.27,29.34,29.8,967.17,100,14.37,1.04,-Inf,6.04,293.17
"Willow-Bowron","2016","min",-26.32,-30.34,-21.08,0,919.15,46.76,-28.28,0,Inf,0,2.43
"Willow-Bowron","2016","obs_na",0,0,0,0,0,0,0,31,366,12,0
"Willow-Bowron","2017","mean",4.08,-1.79,10.05,0.88,944.52,78.99,0.17,0.11,0.56,2.74,69.51
"Willow-Bowron","2017","max",20.57,12.65,34.2,14.8,969.28,100,14.27,1.13,89.94,7.05,292.91
"Willow-Bowron","2017","min",-26.62,-31.99,-21.82,0,915.91,50.39,-28.59,0,270.85,0,2.64
"Willow-Bowron","2017","obs_na",0,0,0,8,0,0,0,145,124,0,0
"Willow-Bowron","2018","mean",5.41,-1.25,12.18,0.97,945.82,77.26,1.07,0.01,1.95,2.55,79.83
"Willow-Bowron","2018","max",22.53,14.51,33.86,14.8,964,99.42,15.05,0.4,89.85,8.05,275.51
"Willow-Bowron","2018","min",-24.98,-33.38,-20.03,0,926.43,52.44,-27,0,270.88,0,2.95
"Willow-Bowron","2018","obs_na",0,0,0,0,0,0,0,0,0,0,0
